asset_id,type,name_ja,meshy_prompt,qa
AS001,Hero_Base,城門の誓衛アルデン,"original VELSTRIA fantasy game asset, 城門の誓衛アルデン, stylized competitive MOBA, readable silhouette, PBR, game-ready topology, no copyrighted logos",silhouette / UV / normals / scale / pivot / LOD / material slots / mobile GPU budget
AS002,Hero_Base,星弦のリラ,"original VELSTRIA fantasy game asset, 星弦のリラ, stylized competitive MOBA, readable silhouette, PBR, game-ready topology, no copyrighted logos",silhouette / UV / normals / scale / pivot / LOD / material slots / mobile GPU budget
AS003,Hero_Base,灰刃のカエル,"original VELSTRIA fantasy game asset, 灰刃のカエル, stylized competitive MOBA, readable silhouette, PBR, game-ready topology, no copyrighted logos",silhouette / UV / normals / scale / pivot / LOD / material slots / mobile GPU budget
AS004,Hero_Base,潮祈のミレア,"original VELSTRIA fantasy game asset, 潮祈のミレア, stylized competitive MOBA, readable silhouette, PBR, game-ready topology, no copyrighted logos",silhouette / UV / normals / scale / pivot / LOD / material slots / mobile GPU budget
AS005,Hero_Base,黒雷のヴォス,"original VELSTRIA fantasy game asset, 黒雷のヴォス, stylized competitive MOBA, readable silhouette, PBR, game-ready topology, no copyrighted logos",silhouette / UV / normals / scale / pivot / LOD / material slots / mobile GPU budget
AS006,Hero_Base,月灯のセレン,"original VELSTRIA fantasy game asset, 月灯のセレン, stylized competitive MOBA, readable silhouette, PBR, game-ready topology, no copyrighted logos",silhouette / UV / normals / scale / pivot / LOD / material slots / mobile GPU budget
AS007,Hero_Base,岩脈のガルク,"original VELSTRIA fantasy game asset, 岩脈のガルク, stylized competitive MOBA, readable silhouette, PBR, game-ready topology, no copyrighted logos",silhouette / UV / normals / scale / pivot / LOD / material slots / mobile GPU budget
AS008,Hero_Base,風標のニア,"original VELSTRIA fantasy game asset, 風標のニア, stylized competitive MOBA, readable silhouette, PBR, game-ready topology, no copyrighted logos",silhouette / UV / normals / scale / pivot / LOD / material slots / mobile GPU budget
AS009,Hero_Base,機巧士オリン,"original VELSTRIA fantasy game asset, 機巧士オリン, stylized competitive MOBA, readable silhouette, PBR, game-ready topology, no copyrighted logos",silhouette / UV / normals / scale / pivot / LOD / material slots / mobile GPU budget
AS010,Hero_Base,焔冠のテッサ,"original VELSTRIA fantasy game asset, 焔冠のテッサ, stylized competitive MOBA, readable silhouette, PBR, game-ready topology, no copyrighted logos",silhouette / UV / normals / scale / pivot / LOD / material slots / mobile GPU budget
AS011,Hero_Base,鉄翼のルーク,"original VELSTRIA fantasy game asset, 鉄翼のルーク, stylized competitive MOBA, readable silhouette, PBR, game-ready topology, no copyrighted logos",silhouette / UV / normals / scale / pivot / LOD / material slots / mobile GPU budget
AS012,Hero_Base,玻璃歌のエリネ,"original VELSTRIA fantasy game asset, 玻璃歌のエリネ, stylized competitive MOBA, readable silhouette, PBR, game-ready topology, no copyrighted logos",silhouette / UV / normals / scale / pivot / LOD / material slots / mobile GPU budget
AS013,Hero_Base,獣刻のダガン,"original VELSTRIA fantasy game asset, 獣刻のダガン, stylized competitive MOBA, readable silhouette, PBR, game-ready topology, no copyrighted logos",silhouette / UV / normals / scale / pivot / LOD / material slots / mobile GPU budget
AS014,Hero_Base,霧歩のシオ,"original VELSTRIA fantasy game asset, 霧歩のシオ, stylized competitive MOBA, readable silhouette, PBR, game-ready topology, no copyrighted logos",silhouette / UV / normals / scale / pivot / LOD / material slots / mobile GPU budget
AS015,Hero_Base,戦鐘のヴァルカ,"original VELSTRIA fantasy game asset, 戦鐘のヴァルカ, stylized competitive MOBA, readable silhouette, PBR, game-ready topology, no copyrighted logos",silhouette / UV / normals / scale / pivot / LOD / material slots / mobile GPU budget
AS016,Hero_Base,白環のイリス,"original VELSTRIA fantasy game asset, 白環のイリス, stylized competitive MOBA, readable silhouette, PBR, game-ready topology, no copyrighted logos",silhouette / UV / normals / scale / pivot / LOD / material slots / mobile GPU budget
AS017,Hero_Base,深淵鎖のモルド,"original VELSTRIA fantasy game asset, 深淵鎖のモルド, stylized competitive MOBA, readable silhouette, PBR, game-ready topology, no copyrighted logos",silhouette / UV / normals / scale / pivot / LOD / material slots / mobile GPU budget
AS018,Hero_Base,花星のセリア,"original VELSTRIA fantasy game asset, 花星のセリア, stylized competitive MOBA, readable silhouette, PBR, game-ready topology, no copyrighted logos",silhouette / UV / normals / scale / pivot / LOD / material slots / mobile GPU budget
AS019,Hero_Base,砦砕のブラム,"original VELSTRIA fantasy game asset, 砦砕のブラム, stylized competitive MOBA, readable silhouette, PBR, game-ready topology, no copyrighted logos",silhouette / UV / normals / scale / pivot / LOD / material slots / mobile GPU budget
AS020,Hero_Base,光矢のユナ,"original VELSTRIA fantasy game asset, 光矢のユナ, stylized competitive MOBA, readable silhouette, PBR, game-ready topology, no copyrighted logos",silhouette / UV / normals / scale / pivot / LOD / material slots / mobile GPU budget
AS021,Hero_Base,時砂のキロス,"original VELSTRIA fantasy game asset, 時砂のキロス, stylized competitive MOBA, readable silhouette, PBR, game-ready topology, no copyrighted logos",silhouette / UV / normals / scale / pivot / LOD / material slots / mobile GPU budget
AS022,Hero_Base,蒼爪のレア,"original VELSTRIA fantasy game asset, 蒼爪のレア, stylized competitive MOBA, readable silhouette, PBR, game-ready topology, no copyrighted logos",silhouette / UV / normals / scale / pivot / LOD / material slots / mobile GPU budget
AS023,Hero_Base,雷槍のトレン,"original VELSTRIA fantasy game asset, 雷槍のトレン, stylized competitive MOBA, readable silhouette, PBR, game-ready topology, no copyrighted logos",silhouette / UV / normals / scale / pivot / LOD / material slots / mobile GPU budget
AS024,Hero_Base,夢織のノア,"original VELSTRIA fantasy game asset, 夢織のノア, stylized competitive MOBA, readable silhouette, PBR, game-ready topology, no copyrighted logos",silhouette / UV / normals / scale / pivot / LOD / material slots / mobile GPU budget
AS025,Hero_Skin,城門の誓衛アルデン スキン1,"original VELSTRIA fantasy game asset, 城門の誓衛アルデン スキン1, stylized competitive MOBA, readable silhouette, PBR, game-ready topology, no copyrighted logos",silhouette / UV / normals / scale / pivot / LOD / material slots / mobile GPU budget
AS026,Hero_Skin,星弦のリラ スキン1,"original VELSTRIA fantasy game asset, 星弦のリラ スキン1, stylized competitive MOBA, readable silhouette, PBR, game-ready topology, no copyrighted logos",silhouette / UV / normals / scale / pivot / LOD / material slots / mobile GPU budget
AS027,Hero_Skin,灰刃のカエル スキン1,"original VELSTRIA fantasy game asset, 灰刃のカエル スキン1, stylized competitive MOBA, readable silhouette, PBR, game-ready topology, no copyrighted logos",silhouette / UV / normals / scale / pivot / LOD / material slots / mobile GPU budget
AS028,Hero_Skin,潮祈のミレア スキン1,"original VELSTRIA fantasy game asset, 潮祈のミレア スキン1, stylized competitive MOBA, readable silhouette, PBR, game-ready topology, no copyrighted logos",silhouette / UV / normals / scale / pivot / LOD / material slots / mobile GPU budget
AS029,Hero_Skin,黒雷のヴォス スキン1,"original VELSTRIA fantasy game asset, 黒雷のヴォス スキン1, stylized competitive MOBA, readable silhouette, PBR, game-ready topology, no copyrighted logos",silhouette / UV / normals / scale / pivot / LOD / material slots / mobile GPU budget
AS030,Hero_Skin,月灯のセレン スキン1,"original VELSTRIA fantasy game asset, 月灯のセレン スキン1, stylized competitive MOBA, readable silhouette, PBR, game-ready topology, no copyrighted logos",silhouette / UV / normals / scale / pivot / LOD / material slots / mobile GPU budget
AS031,Hero_Skin,岩脈のガルク スキン1,"original VELSTRIA fantasy game asset, 岩脈のガルク スキン1, stylized competitive MOBA, readable silhouette, PBR, game-ready topology, no copyrighted logos",silhouette / UV / normals / scale / pivot / LOD / material slots / mobile GPU budget
AS032,Hero_Skin,風標のニア スキン1,"original VELSTRIA fantasy game asset, 風標のニア スキン1, stylized competitive MOBA, readable silhouette, PBR, game-ready topology, no copyrighted logos",silhouette / UV / normals / scale / pivot / LOD / material slots / mobile GPU budget
AS033,Hero_Skin,機巧士オリン スキン1,"original VELSTRIA fantasy game asset, 機巧士オリン スキン1, stylized competitive MOBA, readable silhouette, PBR, game-ready topology, no copyrighted logos",silhouette / UV / normals / scale / pivot / LOD / material slots / mobile GPU budget
AS034,Hero_Skin,焔冠のテッサ スキン1,"original VELSTRIA fantasy game asset, 焔冠のテッサ スキン1, stylized competitive MOBA, readable silhouette, PBR, game-ready topology, no copyrighted logos",silhouette / UV / normals / scale / pivot / LOD / material slots / mobile GPU budget
AS035,Hero_Skin,鉄翼のルーク スキン1,"original VELSTRIA fantasy game asset, 鉄翼のルーク スキン1, stylized competitive MOBA, readable silhouette, PBR, game-ready topology, no copyrighted logos",silhouette / UV / normals / scale / pivot / LOD / material slots / mobile GPU budget
AS036,Hero_Skin,玻璃歌のエリネ スキン1,"original VELSTRIA fantasy game asset, 玻璃歌のエリネ スキン1, stylized competitive MOBA, readable silhouette, PBR, game-ready topology, no copyrighted logos",silhouette / UV / normals / scale / pivot / LOD / material slots / mobile GPU budget
AS037,Hero_Skin,獣刻のダガン スキン1,"original VELSTRIA fantasy game asset, 獣刻のダガン スキン1, stylized competitive MOBA, readable silhouette, PBR, game-ready topology, no copyrighted logos",silhouette / UV / normals / scale / pivot / LOD / material slots / mobile GPU budget
AS038,Hero_Skin,霧歩のシオ スキン1,"original VELSTRIA fantasy game asset, 霧歩のシオ スキン1, stylized competitive MOBA, readable silhouette, PBR, game-ready topology, no copyrighted logos",silhouette / UV / normals / scale / pivot / LOD / material slots / mobile GPU budget
AS039,Hero_Skin,戦鐘のヴァルカ スキン1,"original VELSTRIA fantasy game asset, 戦鐘のヴァルカ スキン1, stylized competitive MOBA, readable silhouette, PBR, game-ready topology, no copyrighted logos",silhouette / UV / normals / scale / pivot / LOD / material slots / mobile GPU budget
AS040,Hero_Skin,白環のイリス スキン1,"original VELSTRIA fantasy game asset, 白環のイリス スキン1, stylized competitive MOBA, readable silhouette, PBR, game-ready topology, no copyrighted logos",silhouette / UV / normals / scale / pivot / LOD / material slots / mobile GPU budget
AS041,Hero_Skin,深淵鎖のモルド スキン1,"original VELSTRIA fantasy game asset, 深淵鎖のモルド スキン1, stylized competitive MOBA, readable silhouette, PBR, game-ready topology, no copyrighted logos",silhouette / UV / normals / scale / pivot / LOD / material slots / mobile GPU budget
AS042,Hero_Skin,花星のセリア スキン1,"original VELSTRIA fantasy game asset, 花星のセリア スキン1, stylized competitive MOBA, readable silhouette, PBR, game-ready topology, no copyrighted logos",silhouette / UV / normals / scale / pivot / LOD / material slots / mobile GPU budget
AS043,Hero_Skin,砦砕のブラム スキン1,"original VELSTRIA fantasy game asset, 砦砕のブラム スキン1, stylized competitive MOBA, readable silhouette, PBR, game-ready topology, no copyrighted logos",silhouette / UV / normals / scale / pivot / LOD / material slots / mobile GPU budget
AS044,Hero_Skin,光矢のユナ スキン1,"original VELSTRIA fantasy game asset, 光矢のユナ スキン1, stylized competitive MOBA, readable silhouette, PBR, game-ready topology, no copyrighted logos",silhouette / UV / normals / scale / pivot / LOD / material slots / mobile GPU budget
AS045,Hero_Skin,時砂のキロス スキン1,"original VELSTRIA fantasy game asset, 時砂のキロス スキン1, stylized competitive MOBA, readable silhouette, PBR, game-ready topology, no copyrighted logos",silhouette / UV / normals / scale / pivot / LOD / material slots / mobile GPU budget
AS046,Hero_Skin,蒼爪のレア スキン1,"original VELSTRIA fantasy game asset, 蒼爪のレア スキン1, stylized competitive MOBA, readable silhouette, PBR, game-ready topology, no copyrighted logos",silhouette / UV / normals / scale / pivot / LOD / material slots / mobile GPU budget
AS047,Hero_Skin,雷槍のトレン スキン1,"original VELSTRIA fantasy game asset, 雷槍のトレン スキン1, stylized competitive MOBA, readable silhouette, PBR, game-ready topology, no copyrighted logos",silhouette / UV / normals / scale / pivot / LOD / material slots / mobile GPU budget
AS048,Hero_Skin,夢織のノア スキン1,"original VELSTRIA fantasy game asset, 夢織のノア スキン1, stylized competitive MOBA, readable silhouette, PBR, game-ready topology, no copyrighted logos",silhouette / UV / normals / scale / pivot / LOD / material slots / mobile GPU budget
AS049,Hero_Skin,城門の誓衛アルデン スキン2,"original VELSTRIA fantasy game asset, 城門の誓衛アルデン スキン2, stylized competitive MOBA, readable silhouette, PBR, game-ready topology, no copyrighted logos",silhouette / UV / normals / scale / pivot / LOD / material slots / mobile GPU budget
AS050,Hero_Skin,星弦のリラ スキン2,"original VELSTRIA fantasy game asset, 星弦のリラ スキン2, stylized competitive MOBA, readable silhouette, PBR, game-ready topology, no copyrighted logos",silhouette / UV / normals / scale / pivot / LOD / material slots / mobile GPU budget
AS051,Hero_Skin,灰刃のカエル スキン2,"original VELSTRIA fantasy game asset, 灰刃のカエル スキン2, stylized competitive MOBA, readable silhouette, PBR, game-ready topology, no copyrighted logos",silhouette / UV / normals / scale / pivot / LOD / material slots / mobile GPU budget
AS052,Hero_Skin,潮祈のミレア スキン2,"original VELSTRIA fantasy game asset, 潮祈のミレア スキン2, stylized competitive MOBA, readable silhouette, PBR, game-ready topology, no copyrighted logos",silhouette / UV / normals / scale / pivot / LOD / material slots / mobile GPU budget
AS053,Hero_Skin,黒雷のヴォス スキン2,"original VELSTRIA fantasy game asset, 黒雷のヴォス スキン2, stylized competitive MOBA, readable silhouette, PBR, game-ready topology, no copyrighted logos",silhouette / UV / normals / scale / pivot / LOD / material slots / mobile GPU budget
AS054,Hero_Skin,月灯のセレン スキン2,"original VELSTRIA fantasy game asset, 月灯のセレン スキン2, stylized competitive MOBA, readable silhouette, PBR, game-ready topology, no copyrighted logos",silhouette / UV / normals / scale / pivot / LOD / material slots / mobile GPU budget
AS055,Hero_Skin,岩脈のガルク スキン2,"original VELSTRIA fantasy game asset, 岩脈のガルク スキン2, stylized competitive MOBA, readable silhouette, PBR, game-ready topology, no copyrighted logos",silhouette / UV / normals / scale / pivot / LOD / material slots / mobile GPU budget
AS056,Hero_Skin,風標のニア スキン2,"original VELSTRIA fantasy game asset, 風標のニア スキン2, stylized competitive MOBA, readable silhouette, PBR, game-ready topology, no copyrighted logos",silhouette / UV / normals / scale / pivot / LOD / material slots / mobile GPU budget
AS057,Hero_Skin,機巧士オリン スキン2,"original VELSTRIA fantasy game asset, 機巧士オリン スキン2, stylized competitive MOBA, readable silhouette, PBR, game-ready topology, no copyrighted logos",silhouette / UV / normals / scale / pivot / LOD / material slots / mobile GPU budget
AS058,Hero_Skin,焔冠のテッサ スキン2,"original VELSTRIA fantasy game asset, 焔冠のテッサ スキン2, stylized competitive MOBA, readable silhouette, PBR, game-ready topology, no copyrighted logos",silhouette / UV / normals / scale / pivot / LOD / material slots / mobile GPU budget
AS059,Hero_Skin,鉄翼のルーク スキン2,"original VELSTRIA fantasy game asset, 鉄翼のルーク スキン2, stylized competitive MOBA, readable silhouette, PBR, game-ready topology, no copyrighted logos",silhouette / UV / normals / scale / pivot / LOD / material slots / mobile GPU budget
AS060,Hero_Skin,玻璃歌のエリネ スキン2,"original VELSTRIA fantasy game asset, 玻璃歌のエリネ スキン2, stylized competitive MOBA, readable silhouette, PBR, game-ready topology, no copyrighted logos",silhouette / UV / normals / scale / pivot / LOD / material slots / mobile GPU budget
AS061,Hero_Skin,獣刻のダガン スキン2,"original VELSTRIA fantasy game asset, 獣刻のダガン スキン2, stylized competitive MOBA, readable silhouette, PBR, game-ready topology, no copyrighted logos",silhouette / UV / normals / scale / pivot / LOD / material slots / mobile GPU budget
AS062,Hero_Skin,霧歩のシオ スキン2,"original VELSTRIA fantasy game asset, 霧歩のシオ スキン2, stylized competitive MOBA, readable silhouette, PBR, game-ready topology, no copyrighted logos",silhouette / UV / normals / scale / pivot / LOD / material slots / mobile GPU budget
AS063,Hero_Skin,戦鐘のヴァルカ スキン2,"original VELSTRIA fantasy game asset, 戦鐘のヴァルカ スキン2, stylized competitive MOBA, readable silhouette, PBR, game-ready topology, no copyrighted logos",silhouette / UV / normals / scale / pivot / LOD / material slots / mobile GPU budget
AS064,Hero_Skin,白環のイリス スキン2,"original VELSTRIA fantasy game asset, 白環のイリス スキン2, stylized competitive MOBA, readable silhouette, PBR, game-ready topology, no copyrighted logos",silhouette / UV / normals / scale / pivot / LOD / material slots / mobile GPU budget
AS065,Hero_Skin,深淵鎖のモルド スキン2,"original VELSTRIA fantasy game asset, 深淵鎖のモルド スキン2, stylized competitive MOBA, readable silhouette, PBR, game-ready topology, no copyrighted logos",silhouette / UV / normals / scale / pivot / LOD / material slots / mobile GPU budget
AS066,Hero_Skin,花星のセリア スキン2,"original VELSTRIA fantasy game asset, 花星のセリア スキン2, stylized competitive MOBA, readable silhouette, PBR, game-ready topology, no copyrighted logos",silhouette / UV / normals / scale / pivot / LOD / material slots / mobile GPU budget
AS067,Hero_Skin,砦砕のブラム スキン2,"original VELSTRIA fantasy game asset, 砦砕のブラム スキン2, stylized competitive MOBA, readable silhouette, PBR, game-ready topology, no copyrighted logos",silhouette / UV / normals / scale / pivot / LOD / material slots / mobile GPU budget
AS068,Hero_Skin,光矢のユナ スキン2,"original VELSTRIA fantasy game asset, 光矢のユナ スキン2, stylized competitive MOBA, readable silhouette, PBR, game-ready topology, no copyrighted logos",silhouette / UV / normals / scale / pivot / LOD / material slots / mobile GPU budget
AS069,Hero_Skin,時砂のキロス スキン2,"original VELSTRIA fantasy game asset, 時砂のキロス スキン2, stylized competitive MOBA, readable silhouette, PBR, game-ready topology, no copyrighted logos",silhouette / UV / normals / scale / pivot / LOD / material slots / mobile GPU budget
AS070,Hero_Skin,蒼爪のレア スキン2,"original VELSTRIA fantasy game asset, 蒼爪のレア スキン2, stylized competitive MOBA, readable silhouette, PBR, game-ready topology, no copyrighted logos",silhouette / UV / normals / scale / pivot / LOD / material slots / mobile GPU budget
AS071,Hero_Skin,雷槍のトレン スキン2,"original VELSTRIA fantasy game asset, 雷槍のトレン スキン2, stylized competitive MOBA, readable silhouette, PBR, game-ready topology, no copyrighted logos",silhouette / UV / normals / scale / pivot / LOD / material slots / mobile GPU budget
AS072,Hero_Skin,夢織のノア スキン2,"original VELSTRIA fantasy game asset, 夢織のノア スキン2, stylized competitive MOBA, readable silhouette, PBR, game-ready topology, no copyrighted logos",silhouette / UV / normals / scale / pivot / LOD / material slots / mobile GPU budget
AS073,Equipment_Icon3D,黎明の短剣・01,"original VELSTRIA fantasy game asset, 黎明の短剣・01, stylized competitive MOBA, readable silhouette, PBR, game-ready topology, no copyrighted logos",silhouette / UV / normals / scale / pivot / LOD / material slots / mobile GPU budget
AS074,Equipment_Icon3D,残響の長剣・02,"original VELSTRIA fantasy game asset, 残響の長剣・02, stylized competitive MOBA, readable silhouette, PBR, game-ready topology, no copyrighted logos",silhouette / UV / normals / scale / pivot / LOD / material slots / mobile GPU budget
AS075,Equipment_Icon3D,星鉄の弓・03,"original VELSTRIA fantasy game asset, 星鉄の弓・03, stylized competitive MOBA, readable silhouette, PBR, game-ready topology, no copyrighted logos",silhouette / UV / normals / scale / pivot / LOD / material slots / mobile GPU budget
AS076,Equipment_Icon3D,深海の杖・04,"original VELSTRIA fantasy game asset, 深海の杖・04, stylized competitive MOBA, readable silhouette, PBR, game-ready topology, no copyrighted logos",silhouette / UV / normals / scale / pivot / LOD / material slots / mobile GPU budget
AS077,Equipment_Icon3D,烈火の護符・05,"original VELSTRIA fantasy game asset, 烈火の護符・05, stylized competitive MOBA, readable silhouette, PBR, game-ready topology, no copyrighted logos",silhouette / UV / normals / scale / pivot / LOD / material slots / mobile GPU budget
AS078,Equipment_Icon3D,静謐の鎧・06,"original VELSTRIA fantasy game asset, 静謐の鎧・06, stylized competitive MOBA, readable silhouette, PBR, game-ready topology, no copyrighted logos",silhouette / UV / normals / scale / pivot / LOD / material slots / mobile GPU budget
AS079,Equipment_Icon3D,雷鳴の短剣・07,"original VELSTRIA fantasy game asset, 雷鳴の短剣・07, stylized competitive MOBA, readable silhouette, PBR, game-ready topology, no copyrighted logos",silhouette / UV / normals / scale / pivot / LOD / material slots / mobile GPU budget
AS080,Equipment_Icon3D,月影の長剣・08,"original VELSTRIA fantasy game asset, 月影の長剣・08, stylized competitive MOBA, readable silhouette, PBR, game-ready topology, no copyrighted logos",silhouette / UV / normals / scale / pivot / LOD / material slots / mobile GPU budget
AS081,Equipment_Icon3D,守護の弓・09,"original VELSTRIA fantasy game asset, 守護の弓・09, stylized competitive MOBA, readable silhouette, PBR, game-ready topology, no copyrighted logos",silhouette / UV / normals / scale / pivot / LOD / material slots / mobile GPU budget
AS082,Equipment_Icon3D,疾風の杖・10,"original VELSTRIA fantasy game asset, 疾風の杖・10, stylized competitive MOBA, readable silhouette, PBR, game-ready topology, no copyrighted logos",silhouette / UV / normals / scale / pivot / LOD / material slots / mobile GPU budget
AS083,Equipment_Icon3D,霊樹の護符・11,"original VELSTRIA fantasy game asset, 霊樹の護符・11, stylized competitive MOBA, readable silhouette, PBR, game-ready topology, no copyrighted logos",silhouette / UV / normals / scale / pivot / LOD / material slots / mobile GPU budget
AS084,Equipment_Icon3D,虚空の鎧・12,"original VELSTRIA fantasy game asset, 虚空の鎧・12, stylized competitive MOBA, readable silhouette, PBR, game-ready topology, no copyrighted logos",silhouette / UV / normals / scale / pivot / LOD / material slots / mobile GPU budget
AS085,Equipment_Icon3D,黎明の短剣・13,"original VELSTRIA fantasy game asset, 黎明の短剣・13, stylized competitive MOBA, readable silhouette, PBR, game-ready topology, no copyrighted logos",silhouette / UV / normals / scale / pivot / LOD / material slots / mobile GPU budget
AS086,Equipment_Icon3D,残響の長剣・14,"original VELSTRIA fantasy game asset, 残響の長剣・14, stylized competitive MOBA, readable silhouette, PBR, game-ready topology, no copyrighted logos",silhouette / UV / normals / scale / pivot / LOD / material slots / mobile GPU budget
AS087,Equipment_Icon3D,星鉄の弓・15,"original VELSTRIA fantasy game asset, 星鉄の弓・15, stylized competitive MOBA, readable silhouette, PBR, game-ready topology, no copyrighted logos",silhouette / UV / normals / scale / pivot / LOD / material slots / mobile GPU budget
AS088,Equipment_Icon3D,深海の杖・16,"original VELSTRIA fantasy game asset, 深海の杖・16, stylized competitive MOBA, readable silhouette, PBR, game-ready topology, no copyrighted logos",silhouette / UV / normals / scale / pivot / LOD / material slots / mobile GPU budget
AS089,Equipment_Icon3D,烈火の護符・17,"original VELSTRIA fantasy game asset, 烈火の護符・17, stylized competitive MOBA, readable silhouette, PBR, game-ready topology, no copyrighted logos",silhouette / UV / normals / scale / pivot / LOD / material slots / mobile GPU budget
AS090,Equipment_Icon3D,静謐の鎧・18,"original VELSTRIA fantasy game asset, 静謐の鎧・18, stylized competitive MOBA, readable silhouette, PBR, game-ready topology, no copyrighted logos",silhouette / UV / normals / scale / pivot / LOD / material slots / mobile GPU budget
AS091,Equipment_Icon3D,雷鳴の短剣・19,"original VELSTRIA fantasy game asset, 雷鳴の短剣・19, stylized competitive MOBA, readable silhouette, PBR, game-ready topology, no copyrighted logos",silhouette / UV / normals / scale / pivot / LOD / material slots / mobile GPU budget
AS092,Equipment_Icon3D,月影の長剣・20,"original VELSTRIA fantasy game asset, 月影の長剣・20, stylized competitive MOBA, readable silhouette, PBR, game-ready topology, no copyrighted logos",silhouette / UV / normals / scale / pivot / LOD / material slots / mobile GPU budget
AS093,Equipment_Icon3D,守護の弓・21,"original VELSTRIA fantasy game asset, 守護の弓・21, stylized competitive MOBA, readable silhouette, PBR, game-ready topology, no copyrighted logos",silhouette / UV / normals / scale / pivot / LOD / material slots / mobile GPU budget
AS094,Equipment_Icon3D,疾風の杖・22,"original VELSTRIA fantasy game asset, 疾風の杖・22, stylized competitive MOBA, readable silhouette, PBR, game-ready topology, no copyrighted logos",silhouette / UV / normals / scale / pivot / LOD / material slots / mobile GPU budget
AS095,Equipment_Icon3D,霊樹の護符・23,"original VELSTRIA fantasy game asset, 霊樹の護符・23, stylized competitive MOBA, readable silhouette, PBR, game-ready topology, no copyrighted logos",silhouette / UV / normals / scale / pivot / LOD / material slots / mobile GPU budget
AS096,Equipment_Icon3D,虚空の鎧・24,"original VELSTRIA fantasy game asset, 虚空の鎧・24, stylized competitive MOBA, readable silhouette, PBR, game-ready topology, no copyrighted logos",silhouette / UV / normals / scale / pivot / LOD / material slots / mobile GPU budget
AS097,Equipment_Icon3D,黎明の短剣・25,"original VELSTRIA fantasy game asset, 黎明の短剣・25, stylized competitive MOBA, readable silhouette, PBR, game-ready topology, no copyrighted logos",silhouette / UV / normals / scale / pivot / LOD / material slots / mobile GPU budget
AS098,Equipment_Icon3D,残響の長剣・26,"original VELSTRIA fantasy game asset, 残響の長剣・26, stylized competitive MOBA, readable silhouette, PBR, game-ready topology, no copyrighted logos",silhouette / UV / normals / scale / pivot / LOD / material slots / mobile GPU budget
AS099,Equipment_Icon3D,星鉄の弓・27,"original VELSTRIA fantasy game asset, 星鉄の弓・27, stylized competitive MOBA, readable silhouette, PBR, game-ready topology, no copyrighted logos",silhouette / UV / normals / scale / pivot / LOD / material slots / mobile GPU budget
AS100,Equipment_Icon3D,深海の杖・28,"original VELSTRIA fantasy game asset, 深海の杖・28, stylized competitive MOBA, readable silhouette, PBR, game-ready topology, no copyrighted logos",silhouette / UV / normals / scale / pivot / LOD / material slots / mobile GPU budget
AS101,Equipment_Icon3D,烈火の護符・29,"original VELSTRIA fantasy game asset, 烈火の護符・29, stylized competitive MOBA, readable silhouette, PBR, game-ready topology, no copyrighted logos",silhouette / UV / normals / scale / pivot / LOD / material slots / mobile GPU budget
AS102,Equipment_Icon3D,静謐の鎧・30,"original VELSTRIA fantasy game asset, 静謐の鎧・30, stylized competitive MOBA, readable silhouette, PBR, game-ready topology, no copyrighted logos",silhouette / UV / normals / scale / pivot / LOD / material slots / mobile GPU budget
AS103,Equipment_Icon3D,雷鳴の短剣・31,"original VELSTRIA fantasy game asset, 雷鳴の短剣・31, stylized competitive MOBA, readable silhouette, PBR, game-ready topology, no copyrighted logos",silhouette / UV / normals / scale / pivot / LOD / material slots / mobile GPU budget
AS104,Equipment_Icon3D,月影の長剣・32,"original VELSTRIA fantasy game asset, 月影の長剣・32, stylized competitive MOBA, readable silhouette, PBR, game-ready topology, no copyrighted logos",silhouette / UV / normals / scale / pivot / LOD / material slots / mobile GPU budget
AS105,Equipment_Icon3D,守護の弓・33,"original VELSTRIA fantasy game asset, 守護の弓・33, stylized competitive MOBA, readable silhouette, PBR, game-ready topology, no copyrighted logos",silhouette / UV / normals / scale / pivot / LOD / material slots / mobile GPU budget
AS106,Equipment_Icon3D,疾風の杖・34,"original VELSTRIA fantasy game asset, 疾風の杖・34, stylized competitive MOBA, readable silhouette, PBR, game-ready topology, no copyrighted logos",silhouette / UV / normals / scale / pivot / LOD / material slots / mobile GPU budget
AS107,Equipment_Icon3D,霊樹の護符・35,"original VELSTRIA fantasy game asset, 霊樹の護符・35, stylized competitive MOBA, readable silhouette, PBR, game-ready topology, no copyrighted logos",silhouette / UV / normals / scale / pivot / LOD / material slots / mobile GPU budget
AS108,Equipment_Icon3D,虚空の鎧・36,"original VELSTRIA fantasy game asset, 虚空の鎧・36, stylized competitive MOBA, readable silhouette, PBR, game-ready topology, no copyrighted logos",silhouette / UV / normals / scale / pivot / LOD / material slots / mobile GPU budget
AS109,Equipment_Icon3D,黎明の短剣・37,"original VELSTRIA fantasy game asset, 黎明の短剣・37, stylized competitive MOBA, readable silhouette, PBR, game-ready topology, no copyrighted logos",silhouette / UV / normals / scale / pivot / LOD / material slots / mobile GPU budget
AS110,Equipment_Icon3D,残響の長剣・38,"original VELSTRIA fantasy game asset, 残響の長剣・38, stylized competitive MOBA, readable silhouette, PBR, game-ready topology, no copyrighted logos",silhouette / UV / normals / scale / pivot / LOD / material slots / mobile GPU budget
AS111,Equipment_Icon3D,星鉄の弓・39,"original VELSTRIA fantasy game asset, 星鉄の弓・39, stylized competitive MOBA, readable silhouette, PBR, game-ready topology, no copyrighted logos",silhouette / UV / normals / scale / pivot / LOD / material slots / mobile GPU budget
AS112,Equipment_Icon3D,深海の杖・40,"original VELSTRIA fantasy game asset, 深海の杖・40, stylized competitive MOBA, readable silhouette, PBR, game-ready topology, no copyrighted logos",silhouette / UV / normals / scale / pivot / LOD / material slots / mobile GPU budget
AS113,Equipment_Icon3D,烈火の護符・41,"original VELSTRIA fantasy game asset, 烈火の護符・41, stylized competitive MOBA, readable silhouette, PBR, game-ready topology, no copyrighted logos",silhouette / UV / normals / scale / pivot / LOD / material slots / mobile GPU budget
AS114,Equipment_Icon3D,静謐の鎧・42,"original VELSTRIA fantasy game asset, 静謐の鎧・42, stylized competitive MOBA, readable silhouette, PBR, game-ready topology, no copyrighted logos",silhouette / UV / normals / scale / pivot / LOD / material slots / mobile GPU budget
AS115,Equipment_Icon3D,帰還核の護符,"original VELSTRIA fantasy game asset, 帰還核の護符, stylized competitive MOBA, readable silhouette, PBR, game-ready topology, no copyrighted logos",silhouette / UV / normals / scale / pivot / LOD / material slots / mobile GPU budget
AS116,Equipment_Icon3D,月影の長剣・44,"original VELSTRIA fantasy game asset, 月影の長剣・44, stylized competitive MOBA, readable silhouette, PBR, game-ready topology, no copyrighted logos",silhouette / UV / normals / scale / pivot / LOD / material slots / mobile GPU budget
AS117,Equipment_Icon3D,守護の弓・45,"original VELSTRIA fantasy game asset, 守護の弓・45, stylized competitive MOBA, readable silhouette, PBR, game-ready topology, no copyrighted logos",silhouette / UV / normals / scale / pivot / LOD / material slots / mobile GPU budget
AS118,Equipment_Icon3D,疾風の杖・46,"original VELSTRIA fantasy game asset, 疾風の杖・46, stylized competitive MOBA, readable silhouette, PBR, game-ready topology, no copyrighted logos",silhouette / UV / normals / scale / pivot / LOD / material slots / mobile GPU budget
AS119,Equipment_Icon3D,霊樹の護符・47,"original VELSTRIA fantasy game asset, 霊樹の護符・47, stylized competitive MOBA, readable silhouette, PBR, game-ready topology, no copyrighted logos",silhouette / UV / normals / scale / pivot / LOD / material slots / mobile GPU budget
AS120,Equipment_Icon3D,虚空の鎧・48,"original VELSTRIA fantasy game asset, 虚空の鎧・48, stylized competitive MOBA, readable silhouette, PBR, game-ready topology, no copyrighted logos",silhouette / UV / normals / scale / pivot / LOD / material slots / mobile GPU budget
AS121,Equipment_Icon3D,黎明の短剣・49,"original VELSTRIA fantasy game asset, 黎明の短剣・49, stylized competitive MOBA, readable silhouette, PBR, game-ready topology, no copyrighted logos",silhouette / UV / normals / scale / pivot / LOD / material slots / mobile GPU budget
AS122,Equipment_Icon3D,残響の長剣・50,"original VELSTRIA fantasy game asset, 残響の長剣・50, stylized competitive MOBA, readable silhouette, PBR, game-ready topology, no copyrighted logos",silhouette / UV / normals / scale / pivot / LOD / material slots / mobile GPU budget
AS123,Equipment_Icon3D,星鉄の弓・51,"original VELSTRIA fantasy game asset, 星鉄の弓・51, stylized competitive MOBA, readable silhouette, PBR, game-ready topology, no copyrighted logos",silhouette / UV / normals / scale / pivot / LOD / material slots / mobile GPU budget
AS124,Equipment_Icon3D,深海の杖・52,"original VELSTRIA fantasy game asset, 深海の杖・52, stylized competitive MOBA, readable silhouette, PBR, game-ready topology, no copyrighted logos",silhouette / UV / normals / scale / pivot / LOD / material slots / mobile GPU budget
AS125,Equipment_Icon3D,烈火の護符・53,"original VELSTRIA fantasy game asset, 烈火の護符・53, stylized competitive MOBA, readable silhouette, PBR, game-ready topology, no copyrighted logos",silhouette / UV / normals / scale / pivot / LOD / material slots / mobile GPU budget
AS126,Equipment_Icon3D,静謐の鎧・54,"original VELSTRIA fantasy game asset, 静謐の鎧・54, stylized competitive MOBA, readable silhouette, PBR, game-ready topology, no copyrighted logos",silhouette / UV / normals / scale / pivot / LOD / material slots / mobile GPU budget
AS127,Equipment_Icon3D,雷鳴の短剣・55,"original VELSTRIA fantasy game asset, 雷鳴の短剣・55, stylized competitive MOBA, readable silhouette, PBR, game-ready topology, no copyrighted logos",silhouette / UV / normals / scale / pivot / LOD / material slots / mobile GPU budget
AS128,Equipment_Icon3D,月影の長剣・56,"original VELSTRIA fantasy game asset, 月影の長剣・56, stylized competitive MOBA, readable silhouette, PBR, game-ready topology, no copyrighted logos",silhouette / UV / normals / scale / pivot / LOD / material slots / mobile GPU budget
AS129,Equipment_Icon3D,守護の弓・57,"original VELSTRIA fantasy game asset, 守護の弓・57, stylized competitive MOBA, readable silhouette, PBR, game-ready topology, no copyrighted logos",silhouette / UV / normals / scale / pivot / LOD / material slots / mobile GPU budget
AS130,Equipment_Icon3D,疾風の杖・58,"original VELSTRIA fantasy game asset, 疾風の杖・58, stylized competitive MOBA, readable silhouette, PBR, game-ready topology, no copyrighted logos",silhouette / UV / normals / scale / pivot / LOD / material slots / mobile GPU budget
AS131,Equipment_Icon3D,霊樹の護符・59,"original VELSTRIA fantasy game asset, 霊樹の護符・59, stylized competitive MOBA, readable silhouette, PBR, game-ready topology, no copyrighted logos",silhouette / UV / normals / scale / pivot / LOD / material slots / mobile GPU budget
AS132,Equipment_Icon3D,虚空の鎧・60,"original VELSTRIA fantasy game asset, 虚空の鎧・60, stylized competitive MOBA, readable silhouette, PBR, game-ready topology, no copyrighted logos",silhouette / UV / normals / scale / pivot / LOD / material slots / mobile GPU budget
AS133,Equipment_Icon3D,黎明の短剣・61,"original VELSTRIA fantasy game asset, 黎明の短剣・61, stylized competitive MOBA, readable silhouette, PBR, game-ready topology, no copyrighted logos",silhouette / UV / normals / scale / pivot / LOD / material slots / mobile GPU budget
AS134,Equipment_Icon3D,残響の長剣・62,"original VELSTRIA fantasy game asset, 残響の長剣・62, stylized competitive MOBA, readable silhouette, PBR, game-ready topology, no copyrighted logos",silhouette / UV / normals / scale / pivot / LOD / material slots / mobile GPU budget
AS135,Equipment_Icon3D,星鉄の弓・63,"original VELSTRIA fantasy game asset, 星鉄の弓・63, stylized competitive MOBA, readable silhouette, PBR, game-ready topology, no copyrighted logos",silhouette / UV / normals / scale / pivot / LOD / material slots / mobile GPU budget
AS136,Equipment_Icon3D,深海の杖・64,"original VELSTRIA fantasy game asset, 深海の杖・64, stylized competitive MOBA, readable silhouette, PBR, game-ready topology, no copyrighted logos",silhouette / UV / normals / scale / pivot / LOD / material slots / mobile GPU budget
AS137,Equipment_Icon3D,烈火の護符・65,"original VELSTRIA fantasy game asset, 烈火の護符・65, stylized competitive MOBA, readable silhouette, PBR, game-ready topology, no copyrighted logos",silhouette / UV / normals / scale / pivot / LOD / material slots / mobile GPU budget
AS138,Equipment_Icon3D,静謐の鎧・66,"original VELSTRIA fantasy game asset, 静謐の鎧・66, stylized competitive MOBA, readable silhouette, PBR, game-ready topology, no copyrighted logos",silhouette / UV / normals / scale / pivot / LOD / material slots / mobile GPU budget
AS139,Equipment_Icon3D,雷鳴の短剣・67,"original VELSTRIA fantasy game asset, 雷鳴の短剣・67, stylized competitive MOBA, readable silhouette, PBR, game-ready topology, no copyrighted logos",silhouette / UV / normals / scale / pivot / LOD / material slots / mobile GPU budget
AS140,Equipment_Icon3D,月影の長剣・68,"original VELSTRIA fantasy game asset, 月影の長剣・68, stylized competitive MOBA, readable silhouette, PBR, game-ready topology, no copyrighted logos",silhouette / UV / normals / scale / pivot / LOD / material slots / mobile GPU budget
AS141,Equipment_Icon3D,守護の弓・69,"original VELSTRIA fantasy game asset, 守護の弓・69, stylized competitive MOBA, readable silhouette, PBR, game-ready topology, no copyrighted logos",silhouette / UV / normals / scale / pivot / LOD / material slots / mobile GPU budget
AS142,Equipment_Icon3D,疾風の杖・70,"original VELSTRIA fantasy game asset, 疾風の杖・70, stylized competitive MOBA, readable silhouette, PBR, game-ready topology, no copyrighted logos",silhouette / UV / normals / scale / pivot / LOD / material slots / mobile GPU budget
AS143,Equipment_Icon3D,霊樹の護符・71,"original VELSTRIA fantasy game asset, 霊樹の護符・71, stylized competitive MOBA, readable silhouette, PBR, game-ready topology, no copyrighted logos",silhouette / UV / normals / scale / pivot / LOD / material slots / mobile GPU budget
AS144,Equipment_Icon3D,虚空の鎧・72,"original VELSTRIA fantasy game asset, 虚空の鎧・72, stylized competitive MOBA, readable silhouette, PBR, game-ready topology, no copyrighted logos",silhouette / UV / normals / scale / pivot / LOD / material slots / mobile GPU budget
AS145,VFX_Mesh,城門の誓衛アルデン - 不落の誓い,"original VELSTRIA fantasy game asset, 城門の誓衛アルデン - 不落の誓い, stylized competitive MOBA, readable silhouette, PBR, game-ready topology, no copyrighted logos",silhouette / UV / normals / scale / pivot / LOD / material slots / mobile GPU budget
AS146,VFX_Mesh,城門の誓衛アルデン - Alden式・一閃,"original VELSTRIA fantasy game asset, 城門の誓衛アルデン - Alden式・一閃, stylized competitive MOBA, readable silhouette, PBR, game-ready topology, no copyrighted logos",silhouette / UV / normals / scale / pivot / LOD / material slots / mobile GPU budget
AS147,VFX_Mesh,城門の誓衛アルデン - 星環シフト1,"original VELSTRIA fantasy game asset, 城門の誓衛アルデン - 星環シフト1, stylized competitive MOBA, readable silhouette, PBR, game-ready topology, no copyrighted logos",silhouette / UV / normals / scale / pivot / LOD / material slots / mobile GPU budget
AS148,VFX_Mesh,城門の誓衛アルデン - 境界制圧1,"original VELSTRIA fantasy game asset, 城門の誓衛アルデン - 境界制圧1, stylized competitive MOBA, readable silhouette, PBR, game-ready topology, no copyrighted logos",silhouette / UV / normals / scale / pivot / LOD / material slots / mobile GPU budget
AS149,VFX_Mesh,城門の誓衛アルデン - 第七門・閉鎖令,"original VELSTRIA fantasy game asset, 城門の誓衛アルデン - 第七門・閉鎖令, stylized competitive MOBA, readable silhouette, PBR, game-ready topology, no copyrighted logos",silhouette / UV / normals / scale / pivot / LOD / material slots / mobile GPU budget
AS150,VFX_Mesh,星弦のリラ - 星屑の調律,"original VELSTRIA fantasy game asset, 星弦のリラ - 星屑の調律, stylized competitive MOBA, readable silhouette, PBR, game-ready topology, no copyrighted logos",silhouette / UV / normals / scale / pivot / LOD / material slots / mobile GPU budget
AS151,VFX_Mesh,星弦のリラ - Lyra式・一閃,"original VELSTRIA fantasy game asset, 星弦のリラ - Lyra式・一閃, stylized competitive MOBA, readable silhouette, PBR, game-ready topology, no copyrighted logos",silhouette / UV / normals / scale / pivot / LOD / material slots / mobile GPU budget
AS152,VFX_Mesh,星弦のリラ - 星環シフト2,"original VELSTRIA fantasy game asset, 星弦のリラ - 星環シフト2, stylized competitive MOBA, readable silhouette, PBR, game-ready topology, no copyrighted logos",silhouette / UV / normals / scale / pivot / LOD / material slots / mobile GPU budget
AS153,VFX_Mesh,星弦のリラ - 境界制圧2,"original VELSTRIA fantasy game asset, 星弦のリラ - 境界制圧2, stylized competitive MOBA, readable silhouette, PBR, game-ready topology, no copyrighted logos",silhouette / UV / normals / scale / pivot / LOD / material slots / mobile GPU budget
AS154,VFX_Mesh,星弦のリラ - 天穹星弦,"original VELSTRIA fantasy game asset, 星弦のリラ - 天穹星弦, stylized competitive MOBA, readable silhouette, PBR, game-ready topology, no copyrighted logos",silhouette / UV / normals / scale / pivot / LOD / material slots / mobile GPU budget
AS155,VFX_Mesh,灰刃のカエル - 残火の刻印,"original VELSTRIA fantasy game asset, 灰刃のカエル - 残火の刻印, stylized competitive MOBA, readable silhouette, PBR, game-ready topology, no copyrighted logos",silhouette / UV / normals / scale / pivot / LOD / material slots / mobile GPU budget
AS156,VFX_Mesh,灰刃のカエル - Kael式・一閃,"original VELSTRIA fantasy game asset, 灰刃のカエル - Kael式・一閃, stylized competitive MOBA, readable silhouette, PBR, game-ready topology, no copyrighted logos",silhouette / UV / normals / scale / pivot / LOD / material slots / mobile GPU budget
AS157,VFX_Mesh,灰刃のカエル - 星環シフト3,"original VELSTRIA fantasy game asset, 灰刃のカエル - 星環シフト3, stylized competitive MOBA, readable silhouette, PBR, game-ready topology, no copyrighted logos",silhouette / UV / normals / scale / pivot / LOD / material slots / mobile GPU budget
AS158,VFX_Mesh,灰刃のカエル - 境界制圧3,"original VELSTRIA fantasy game asset, 灰刃のカエル - 境界制圧3, stylized competitive MOBA, readable silhouette, PBR, game-ready topology, no copyrighted logos",silhouette / UV / normals / scale / pivot / LOD / material slots / mobile GPU budget
AS159,VFX_Mesh,灰刃のカエル - 灰燼断界,"original VELSTRIA fantasy game asset, 灰刃のカエル - 灰燼断界, stylized competitive MOBA, readable silhouette, PBR, game-ready topology, no copyrighted logos",silhouette / UV / normals / scale / pivot / LOD / material slots / mobile GPU budget
AS160,VFX_Mesh,潮祈のミレア - 潮騒の加護,"original VELSTRIA fantasy game asset, 潮祈のミレア - 潮騒の加護, stylized competitive MOBA, readable silhouette, PBR, game-ready topology, no copyrighted logos",silhouette / UV / normals / scale / pivot / LOD / material slots / mobile GPU budget
AS161,VFX_Mesh,潮祈のミレア - Mirea式・一閃,"original VELSTRIA fantasy game asset, 潮祈のミレア - Mirea式・一閃, stylized competitive MOBA, readable silhouette, PBR, game-ready topology, no copyrighted logos",silhouette / UV / normals / scale / pivot / LOD / material slots / mobile GPU budget
AS162,VFX_Mesh,潮祈のミレア - 星環シフト4,"original VELSTRIA fantasy game asset, 潮祈のミレア - 星環シフト4, stylized competitive MOBA, readable silhouette, PBR, game-ready topology, no copyrighted logos",silhouette / UV / normals / scale / pivot / LOD / material slots / mobile GPU budget
AS163,VFX_Mesh,潮祈のミレア - 境界制圧4,"original VELSTRIA fantasy game asset, 潮祈のミレア - 境界制圧4, stylized competitive MOBA, readable silhouette, PBR, game-ready topology, no copyrighted logos",silhouette / UV / normals / scale / pivot / LOD / material slots / mobile GPU budget
AS164,VFX_Mesh,潮祈のミレア - 大潮祈祷,"original VELSTRIA fantasy game asset, 潮祈のミレア - 大潮祈祷, stylized competitive MOBA, readable silhouette, PBR, game-ready topology, no copyrighted logos",silhouette / UV / normals / scale / pivot / LOD / material slots / mobile GPU budget
AS165,VFX_Mesh,黒雷のヴォス - 雷脈充填,"original VELSTRIA fantasy game asset, 黒雷のヴォス - 雷脈充填, stylized competitive MOBA, readable silhouette, PBR, game-ready topology, no copyrighted logos",silhouette / UV / normals / scale / pivot / LOD / material slots / mobile GPU budget
AS166,VFX_Mesh,黒雷のヴォス - Voss式・一閃,"original VELSTRIA fantasy game asset, 黒雷のヴォス - Voss式・一閃, stylized competitive MOBA, readable silhouette, PBR, game-ready topology, no copyrighted logos",silhouette / UV / normals / scale / pivot / LOD / material slots / mobile GPU budget
AS167,VFX_Mesh,黒雷のヴォス - 星環シフト5,"original VELSTRIA fantasy game asset, 黒雷のヴォス - 星環シフト5, stylized competitive MOBA, readable silhouette, PBR, game-ready topology, no copyrighted logos",silhouette / UV / normals / scale / pivot / LOD / material slots / mobile GPU budget
AS168,VFX_Mesh,黒雷のヴォス - 境界制圧5,"original VELSTRIA fantasy game asset, 黒雷のヴォス - 境界制圧5, stylized competitive MOBA, readable silhouette, PBR, game-ready topology, no copyrighted logos",silhouette / UV / normals / scale / pivot / LOD / material slots / mobile GPU budget
AS169,VFX_Mesh,黒雷のヴォス - 黒雷天墜,"original VELSTRIA fantasy game asset, 黒雷のヴォス - 黒雷天墜, stylized competitive MOBA, readable silhouette, PBR, game-ready topology, no copyrighted logos",silhouette / UV / normals / scale / pivot / LOD / material slots / mobile GPU budget
AS170,VFX_Mesh,月灯のセレン - 月影の灯,"original VELSTRIA fantasy game asset, 月灯のセレン - 月影の灯, stylized competitive MOBA, readable silhouette, PBR, game-ready topology, no copyrighted logos",silhouette / UV / normals / scale / pivot / LOD / material slots / mobile GPU budget
AS171,VFX_Mesh,月灯のセレン - Seren式・一閃,"original VELSTRIA fantasy game asset, 月灯のセレン - Seren式・一閃, stylized competitive MOBA, readable silhouette, PBR, game-ready topology, no copyrighted logos",silhouette / UV / normals / scale / pivot / LOD / material slots / mobile GPU budget
AS172,VFX_Mesh,月灯のセレン - 星環シフト6,"original VELSTRIA fantasy game asset, 月灯のセレン - 星環シフト6, stylized competitive MOBA, readable silhouette, PBR, game-ready topology, no copyrighted logos",silhouette / UV / normals / scale / pivot / LOD / material slots / mobile GPU budget
AS173,VFX_Mesh,月灯のセレン - 境界制圧6,"original VELSTRIA fantasy game asset, 月灯のセレン - 境界制圧6, stylized competitive MOBA, readable silhouette, PBR, game-ready topology, no copyrighted logos",silhouette / UV / normals / scale / pivot / LOD / material slots / mobile GPU budget
AS174,VFX_Mesh,月灯のセレン - 満月灯界,"original VELSTRIA fantasy game asset, 月灯のセレン - 満月灯界, stylized competitive MOBA, readable silhouette, PBR, game-ready topology, no copyrighted logos",silhouette / UV / normals / scale / pivot / LOD / material slots / mobile GPU budget
AS175,VFX_Mesh,岩脈のガルク - 岩心,"original VELSTRIA fantasy game asset, 岩脈のガルク - 岩心, stylized competitive MOBA, readable silhouette, PBR, game-ready topology, no copyrighted logos",silhouette / UV / normals / scale / pivot / LOD / material slots / mobile GPU budget
AS176,VFX_Mesh,岩脈のガルク - Garruk式・一閃,"original VELSTRIA fantasy game asset, 岩脈のガルク - Garruk式・一閃, stylized competitive MOBA, readable silhouette, PBR, game-ready topology, no copyrighted logos",silhouette / UV / normals / scale / pivot / LOD / material slots / mobile GPU budget
AS177,VFX_Mesh,岩脈のガルク - 星環シフト7,"original VELSTRIA fantasy game asset, 岩脈のガルク - 星環シフト7, stylized competitive MOBA, readable silhouette, PBR, game-ready topology, no copyrighted logos",silhouette / UV / normals / scale / pivot / LOD / material slots / mobile GPU budget
AS178,VFX_Mesh,岩脈のガルク - 境界制圧7,"original VELSTRIA fantasy game asset, 岩脈のガルク - 境界制圧7, stylized competitive MOBA, readable silhouette, PBR, game-ready topology, no copyrighted logos",silhouette / UV / normals / scale / pivot / LOD / material slots / mobile GPU budget
AS179,VFX_Mesh,岩脈のガルク - 地脈隆起,"original VELSTRIA fantasy game asset, 岩脈のガルク - 地脈隆起, stylized competitive MOBA, readable silhouette, PBR, game-ready topology, no copyrighted logos",silhouette / UV / normals / scale / pivot / LOD / material slots / mobile GPU budget
AS180,VFX_Mesh,風標のニア - 追い風,"original VELSTRIA fantasy game asset, 風標のニア - 追い風, stylized competitive MOBA, readable silhouette, PBR, game-ready topology, no copyrighted logos",silhouette / UV / normals / scale / pivot / LOD / material slots / mobile GPU budget
AS181,VFX_Mesh,風標のニア - Nia式・一閃,"original VELSTRIA fantasy game asset, 風標のニア - Nia式・一閃, stylized competitive MOBA, readable silhouette, PBR, game-ready topology, no copyrighted logos",silhouette / UV / normals / scale / pivot / LOD / material slots / mobile GPU budget
AS182,VFX_Mesh,風標のニア - 星環シフト8,"original VELSTRIA fantasy game asset, 風標のニア - 星環シフト8, stylized competitive MOBA, readable silhouette, PBR, game-ready topology, no copyrighted logos",silhouette / UV / normals / scale / pivot / LOD / material slots / mobile GPU budget
AS183,VFX_Mesh,風標のニア - 境界制圧8,"original VELSTRIA fantasy game asset, 風標のニア - 境界制圧8, stylized competitive MOBA, readable silhouette, PBR, game-ready topology, no copyrighted logos",silhouette / UV / normals / scale / pivot / LOD / material slots / mobile GPU budget
AS184,VFX_Mesh,風標のニア - 風界標定,"original VELSTRIA fantasy game asset, 風標のニア - 風界標定, stylized competitive MOBA, readable silhouette, PBR, game-ready topology, no copyrighted logos",silhouette / UV / normals / scale / pivot / LOD / material slots / mobile GPU budget
AS185,VFX_Mesh,機巧士オリン - 過給機構,"original VELSTRIA fantasy game asset, 機巧士オリン - 過給機構, stylized competitive MOBA, readable silhouette, PBR, game-ready topology, no copyrighted logos",silhouette / UV / normals / scale / pivot / LOD / material slots / mobile GPU budget
AS186,VFX_Mesh,機巧士オリン - Orin式・一閃,"original VELSTRIA fantasy game asset, 機巧士オリン - Orin式・一閃, stylized competitive MOBA, readable silhouette, PBR, game-ready topology, no copyrighted logos",silhouette / UV / normals / scale / pivot / LOD / material slots / mobile GPU budget
AS187,VFX_Mesh,機巧士オリン - 星環シフト9,"original VELSTRIA fantasy game asset, 機巧士オリン - 星環シフト9, stylized competitive MOBA, readable silhouette, PBR, game-ready topology, no copyrighted logos",silhouette / UV / normals / scale / pivot / LOD / material slots / mobile GPU budget
AS188,VFX_Mesh,機巧士オリン - 境界制圧9,"original VELSTRIA fantasy game asset, 機巧士オリン - 境界制圧9, stylized competitive MOBA, readable silhouette, PBR, game-ready topology, no copyrighted logos",silhouette / UV / normals / scale / pivot / LOD / material slots / mobile GPU budget
AS189,VFX_Mesh,機巧士オリン - 零式過給,"original VELSTRIA fantasy game asset, 機巧士オリン - 零式過給, stylized competitive MOBA, readable silhouette, PBR, game-ready topology, no copyrighted logos",silhouette / UV / normals / scale / pivot / LOD / material slots / mobile GPU budget
AS190,VFX_Mesh,焔冠のテッサ - 燃焼冠,"original VELSTRIA fantasy game asset, 焔冠のテッサ - 燃焼冠, stylized competitive MOBA, readable silhouette, PBR, game-ready topology, no copyrighted logos",silhouette / UV / normals / scale / pivot / LOD / material slots / mobile GPU budget
AS191,VFX_Mesh,焔冠のテッサ - Thessa式・一閃,"original VELSTRIA fantasy game asset, 焔冠のテッサ - Thessa式・一閃, stylized competitive MOBA, readable silhouette, PBR, game-ready topology, no copyrighted logos",silhouette / UV / normals / scale / pivot / LOD / material slots / mobile GPU budget
AS192,VFX_Mesh,焔冠のテッサ - 星環シフト10,"original VELSTRIA fantasy game asset, 焔冠のテッサ - 星環シフト10, stylized competitive MOBA, readable silhouette, PBR, game-ready topology, no copyrighted logos",silhouette / UV / normals / scale / pivot / LOD / material slots / mobile GPU budget
AS193,VFX_Mesh,焔冠のテッサ - 境界制圧10,"original VELSTRIA fantasy game asset, 焔冠のテッサ - 境界制圧10, stylized competitive MOBA, readable silhouette, PBR, game-ready topology, no copyrighted logos",silhouette / UV / normals / scale / pivot / LOD / material slots / mobile GPU budget
AS194,VFX_Mesh,焔冠のテッサ - 焔冠戴天,"original VELSTRIA fantasy game asset, 焔冠のテッサ - 焔冠戴天, stylized competitive MOBA, readable silhouette, PBR, game-ready topology, no copyrighted logos",silhouette / UV / normals / scale / pivot / LOD / material slots / mobile GPU budget
AS195,VFX_Mesh,鉄翼のルーク - 翼装展開,"original VELSTRIA fantasy game asset, 鉄翼のルーク - 翼装展開, stylized competitive MOBA, readable silhouette, PBR, game-ready topology, no copyrighted logos",silhouette / UV / normals / scale / pivot / LOD / material slots / mobile GPU budget
AS196,VFX_Mesh,鉄翼のルーク - Rook式・一閃,"original VELSTRIA fantasy game asset, 鉄翼のルーク - Rook式・一閃, stylized competitive MOBA, readable silhouette, PBR, game-ready topology, no copyrighted logos",silhouette / UV / normals / scale / pivot / LOD / material slots / mobile GPU budget
AS197,VFX_Mesh,鉄翼のルーク - 星環シフト11,"original VELSTRIA fantasy game asset, 鉄翼のルーク - 星環シフト11, stylized competitive MOBA, readable silhouette, PBR, game-ready topology, no copyrighted logos",silhouette / UV / normals / scale / pivot / LOD / material slots / mobile GPU budget
AS198,VFX_Mesh,鉄翼のルーク - 境界制圧11,"original VELSTRIA fantasy game asset, 鉄翼のルーク - 境界制圧11, stylized competitive MOBA, readable silhouette, PBR, game-ready topology, no copyrighted logos",silhouette / UV / normals / scale / pivot / LOD / material slots / mobile GPU budget
AS199,VFX_Mesh,鉄翼のルーク - 鉄翼急襲,"original VELSTRIA fantasy game asset, 鉄翼のルーク - 鉄翼急襲, stylized competitive MOBA, readable silhouette, PBR, game-ready topology, no copyrighted logos",silhouette / UV / normals / scale / pivot / LOD / material slots / mobile GPU budget
AS200,VFX_Mesh,玻璃歌のエリネ - 共鳴硝子,"original VELSTRIA fantasy game asset, 玻璃歌のエリネ - 共鳴硝子, stylized competitive MOBA, readable silhouette, PBR, game-ready topology, no copyrighted logos",silhouette / UV / normals / scale / pivot / LOD / material slots / mobile GPU budget
AS201,VFX_Mesh,玻璃歌のエリネ - Elyne式・一閃,"original VELSTRIA fantasy game asset, 玻璃歌のエリネ - Elyne式・一閃, stylized competitive MOBA, readable silhouette, PBR, game-ready topology, no copyrighted logos",silhouette / UV / normals / scale / pivot / LOD / material slots / mobile GPU budget
AS202,VFX_Mesh,玻璃歌のエリネ - 星環シフト12,"original VELSTRIA fantasy game asset, 玻璃歌のエリネ - 星環シフト12, stylized competitive MOBA, readable silhouette, PBR, game-ready topology, no copyrighted logos",silhouette / UV / normals / scale / pivot / LOD / material slots / mobile GPU budget
AS203,VFX_Mesh,玻璃歌のエリネ - 境界制圧12,"original VELSTRIA fantasy game asset, 玻璃歌のエリネ - 境界制圧12, stylized competitive MOBA, readable silhouette, PBR, game-ready topology, no copyrighted logos",silhouette / UV / normals / scale / pivot / LOD / material slots / mobile GPU budget
AS204,VFX_Mesh,玻璃歌のエリネ - 玻璃大合唱,"original VELSTRIA fantasy game asset, 玻璃歌のエリネ - 玻璃大合唱, stylized competitive MOBA, readable silhouette, PBR, game-ready topology, no copyrighted logos",silhouette / UV / normals / scale / pivot / LOD / material slots / mobile GPU budget
AS205,VFX_Mesh,獣刻のダガン - 獣性解放,"original VELSTRIA fantasy game asset, 獣刻のダガン - 獣性解放, stylized competitive MOBA, readable silhouette, PBR, game-ready topology, no copyrighted logos",silhouette / UV / normals / scale / pivot / LOD / material slots / mobile GPU budget
AS206,VFX_Mesh,獣刻のダガン - Dagan式・一閃,"original VELSTRIA fantasy game asset, 獣刻のダガン - Dagan式・一閃, stylized competitive MOBA, readable silhouette, PBR, game-ready topology, no copyrighted logos",silhouette / UV / normals / scale / pivot / LOD / material slots / mobile GPU budget
AS207,VFX_Mesh,獣刻のダガン - 星環シフト13,"original VELSTRIA fantasy game asset, 獣刻のダガン - 星環シフト13, stylized competitive MOBA, readable silhouette, PBR, game-ready topology, no copyrighted logos",silhouette / UV / normals / scale / pivot / LOD / material slots / mobile GPU budget
AS208,VFX_Mesh,獣刻のダガン - 境界制圧13,"original VELSTRIA fantasy game asset, 獣刻のダガン - 境界制圧13, stylized competitive MOBA, readable silhouette, PBR, game-ready topology, no copyrighted logos",silhouette / UV / normals / scale / pivot / LOD / material slots / mobile GPU budget
AS209,VFX_Mesh,獣刻のダガン - 獣王刻印,"original VELSTRIA fantasy game asset, 獣刻のダガン - 獣王刻印, stylized competitive MOBA, readable silhouette, PBR, game-ready topology, no copyrighted logos",silhouette / UV / normals / scale / pivot / LOD / material slots / mobile GPU budget
AS210,VFX_Mesh,霧歩のシオ - 薄霧,"original VELSTRIA fantasy game asset, 霧歩のシオ - 薄霧, stylized competitive MOBA, readable silhouette, PBR, game-ready topology, no copyrighted logos",silhouette / UV / normals / scale / pivot / LOD / material slots / mobile GPU budget
AS211,VFX_Mesh,霧歩のシオ - Sio式・一閃,"original VELSTRIA fantasy game asset, 霧歩のシオ - Sio式・一閃, stylized competitive MOBA, readable silhouette, PBR, game-ready topology, no copyrighted logos",silhouette / UV / normals / scale / pivot / LOD / material slots / mobile GPU budget
AS212,VFX_Mesh,霧歩のシオ - 星環シフト14,"original VELSTRIA fantasy game asset, 霧歩のシオ - 星環シフト14, stylized competitive MOBA, readable silhouette, PBR, game-ready topology, no copyrighted logos",silhouette / UV / normals / scale / pivot / LOD / material slots / mobile GPU budget
AS213,VFX_Mesh,霧歩のシオ - 境界制圧14,"original VELSTRIA fantasy game asset, 霧歩のシオ - 境界制圧14, stylized competitive MOBA, readable silhouette, PBR, game-ready topology, no copyrighted logos",silhouette / UV / normals / scale / pivot / LOD / material slots / mobile GPU budget
AS214,VFX_Mesh,霧歩のシオ - 霧界歩法,"original VELSTRIA fantasy game asset, 霧歩のシオ - 霧界歩法, stylized competitive MOBA, readable silhouette, PBR, game-ready topology, no copyrighted logos",silhouette / UV / normals / scale / pivot / LOD / material slots / mobile GPU budget
AS215,VFX_Mesh,戦鐘のヴァルカ - 戦意共鳴,"original VELSTRIA fantasy game asset, 戦鐘のヴァルカ - 戦意共鳴, stylized competitive MOBA, readable silhouette, PBR, game-ready topology, no copyrighted logos",silhouette / UV / normals / scale / pivot / LOD / material slots / mobile GPU budget
AS216,VFX_Mesh,戦鐘のヴァルカ - Valka式・一閃,"original VELSTRIA fantasy game asset, 戦鐘のヴァルカ - Valka式・一閃, stylized competitive MOBA, readable silhouette, PBR, game-ready topology, no copyrighted logos",silhouette / UV / normals / scale / pivot / LOD / material slots / mobile GPU budget
AS217,VFX_Mesh,戦鐘のヴァルカ - 星環シフト15,"original VELSTRIA fantasy game asset, 戦鐘のヴァルカ - 星環シフト15, stylized competitive MOBA, readable silhouette, PBR, game-ready topology, no copyrighted logos",silhouette / UV / normals / scale / pivot / LOD / material slots / mobile GPU budget
AS218,VFX_Mesh,戦鐘のヴァルカ - 境界制圧15,"original VELSTRIA fantasy game asset, 戦鐘のヴァルカ - 境界制圧15, stylized competitive MOBA, readable silhouette, PBR, game-ready topology, no copyrighted logos",silhouette / UV / normals / scale / pivot / LOD / material slots / mobile GPU budget
AS219,VFX_Mesh,戦鐘のヴァルカ - 終戦の鐘,"original VELSTRIA fantasy game asset, 戦鐘のヴァルカ - 終戦の鐘, stylized competitive MOBA, readable silhouette, PBR, game-ready topology, no copyrighted logos",silhouette / UV / normals / scale / pivot / LOD / material slots / mobile GPU budget
AS220,VFX_Mesh,白環のイリス - 白環結界,"original VELSTRIA fantasy game asset, 白環のイリス - 白環結界, stylized competitive MOBA, readable silhouette, PBR, game-ready topology, no copyrighted logos",silhouette / UV / normals / scale / pivot / LOD / material slots / mobile GPU budget
AS221,VFX_Mesh,白環のイリス - Iris式・一閃,"original VELSTRIA fantasy game asset, 白環のイリス - Iris式・一閃, stylized competitive MOBA, readable silhouette, PBR, game-ready topology, no copyrighted logos",silhouette / UV / normals / scale / pivot / LOD / material slots / mobile GPU budget
AS222,VFX_Mesh,白環のイリス - 星環シフト16,"original VELSTRIA fantasy game asset, 白環のイリス - 星環シフト16, stylized competitive MOBA, readable silhouette, PBR, game-ready topology, no copyrighted logos",silhouette / UV / normals / scale / pivot / LOD / material slots / mobile GPU budget
AS223,VFX_Mesh,白環のイリス - 境界制圧16,"original VELSTRIA fantasy game asset, 白環のイリス - 境界制圧16, stylized competitive MOBA, readable silhouette, PBR, game-ready topology, no copyrighted logos",silhouette / UV / normals / scale / pivot / LOD / material slots / mobile GPU budget
AS224,VFX_Mesh,白環のイリス - 白環再生,"original VELSTRIA fantasy game asset, 白環のイリス - 白環再生, stylized competitive MOBA, readable silhouette, PBR, game-ready topology, no copyrighted logos",silhouette / UV / normals / scale / pivot / LOD / material slots / mobile GPU budget
AS225,VFX_Mesh,深淵鎖のモルド - 深鎖,"original VELSTRIA fantasy game asset, 深淵鎖のモルド - 深鎖, stylized competitive MOBA, readable silhouette, PBR, game-ready topology, no copyrighted logos",silhouette / UV / normals / scale / pivot / LOD / material slots / mobile GPU budget
AS226,VFX_Mesh,深淵鎖のモルド - Mord式・一閃,"original VELSTRIA fantasy game asset, 深淵鎖のモルド - Mord式・一閃, stylized competitive MOBA, readable silhouette, PBR, game-ready topology, no copyrighted logos",silhouette / UV / normals / scale / pivot / LOD / material slots / mobile GPU budget
AS227,VFX_Mesh,深淵鎖のモルド - 星環シフト17,"original VELSTRIA fantasy game asset, 深淵鎖のモルド - 星環シフト17, stylized competitive MOBA, readable silhouette, PBR, game-ready topology, no copyrighted logos",silhouette / UV / normals / scale / pivot / LOD / material slots / mobile GPU budget
AS228,VFX_Mesh,深淵鎖のモルド - 境界制圧17,"original VELSTRIA fantasy game asset, 深淵鎖のモルド - 境界制圧17, stylized competitive MOBA, readable silhouette, PBR, game-ready topology, no copyrighted logos",silhouette / UV / normals / scale / pivot / LOD / material slots / mobile GPU budget
AS229,VFX_Mesh,深淵鎖のモルド - 深淵拘束,"original VELSTRIA fantasy game asset, 深淵鎖のモルド - 深淵拘束, stylized competitive MOBA, readable silhouette, PBR, game-ready topology, no copyrighted logos",silhouette / UV / normals / scale / pivot / LOD / material slots / mobile GPU budget
AS230,VFX_Mesh,花星のセリア - 花星循環,"original VELSTRIA fantasy game asset, 花星のセリア - 花星循環, stylized competitive MOBA, readable silhouette, PBR, game-ready topology, no copyrighted logos",silhouette / UV / normals / scale / pivot / LOD / material slots / mobile GPU budget
AS231,VFX_Mesh,花星のセリア - Celia式・一閃,"original VELSTRIA fantasy game asset, 花星のセリア - Celia式・一閃, stylized competitive MOBA, readable silhouette, PBR, game-ready topology, no copyrighted logos",silhouette / UV / normals / scale / pivot / LOD / material slots / mobile GPU budget
AS232,VFX_Mesh,花星のセリア - 星環シフト18,"original VELSTRIA fantasy game asset, 花星のセリア - 星環シフト18, stylized competitive MOBA, readable silhouette, PBR, game-ready topology, no copyrighted logos",silhouette / UV / normals / scale / pivot / LOD / material slots / mobile GPU budget
AS233,VFX_Mesh,花星のセリア - 境界制圧18,"original VELSTRIA fantasy game asset, 花星のセリア - 境界制圧18, stylized competitive MOBA, readable silhouette, PBR, game-ready topology, no copyrighted logos",silhouette / UV / normals / scale / pivot / LOD / material slots / mobile GPU budget
AS234,VFX_Mesh,花星のセリア - 花星満開,"original VELSTRIA fantasy game asset, 花星のセリア - 花星満開, stylized competitive MOBA, readable silhouette, PBR, game-ready topology, no copyrighted logos",silhouette / UV / normals / scale / pivot / LOD / material slots / mobile GPU budget
AS235,VFX_Mesh,砦砕のブラム - 破城衝動,"original VELSTRIA fantasy game asset, 砦砕のブラム - 破城衝動, stylized competitive MOBA, readable silhouette, PBR, game-ready topology, no copyrighted logos",silhouette / UV / normals / scale / pivot / LOD / material slots / mobile GPU budget
AS236,VFX_Mesh,砦砕のブラム - Bram式・一閃,"original VELSTRIA fantasy game asset, 砦砕のブラム - Bram式・一閃, stylized competitive MOBA, readable silhouette, PBR, game-ready topology, no copyrighted logos",silhouette / UV / normals / scale / pivot / LOD / material slots / mobile GPU budget
AS237,VFX_Mesh,砦砕のブラム - 星環シフト19,"original VELSTRIA fantasy game asset, 砦砕のブラム - 星環シフト19, stylized competitive MOBA, readable silhouette, PBR, game-ready topology, no copyrighted logos",silhouette / UV / normals / scale / pivot / LOD / material slots / mobile GPU budget
AS238,VFX_Mesh,砦砕のブラム - 境界制圧19,"original VELSTRIA fantasy game asset, 砦砕のブラム - 境界制圧19, stylized competitive MOBA, readable silhouette, PBR, game-ready topology, no copyrighted logos",silhouette / UV / normals / scale / pivot / LOD / material slots / mobile GPU budget
AS239,VFX_Mesh,砦砕のブラム - 城壁崩し,"original VELSTRIA fantasy game asset, 砦砕のブラム - 城壁崩し, stylized competitive MOBA, readable silhouette, PBR, game-ready topology, no copyrighted logos",silhouette / UV / normals / scale / pivot / LOD / material slots / mobile GPU budget
AS240,VFX_Mesh,光矢のユナ - 光標,"original VELSTRIA fantasy game asset, 光矢のユナ - 光標, stylized competitive MOBA, readable silhouette, PBR, game-ready topology, no copyrighted logos",silhouette / UV / normals / scale / pivot / LOD / material slots / mobile GPU budget
AS241,VFX_Mesh,光矢のユナ - Yuna式・一閃,"original VELSTRIA fantasy game asset, 光矢のユナ - Yuna式・一閃, stylized competitive MOBA, readable silhouette, PBR, game-ready topology, no copyrighted logos",silhouette / UV / normals / scale / pivot / LOD / material slots / mobile GPU budget
AS242,VFX_Mesh,光矢のユナ - 星環シフト20,"original VELSTRIA fantasy game asset, 光矢のユナ - 星環シフト20, stylized competitive MOBA, readable silhouette, PBR, game-ready topology, no copyrighted logos",silhouette / UV / normals / scale / pivot / LOD / material slots / mobile GPU budget
AS243,VFX_Mesh,光矢のユナ - 境界制圧20,"original VELSTRIA fantasy game asset, 光矢のユナ - 境界制圧20, stylized competitive MOBA, readable silhouette, PBR, game-ready topology, no copyrighted logos",silhouette / UV / normals / scale / pivot / LOD / material slots / mobile GPU budget
AS244,VFX_Mesh,光矢のユナ - 光矢流星,"original VELSTRIA fantasy game asset, 光矢のユナ - 光矢流星, stylized competitive MOBA, readable silhouette, PBR, game-ready topology, no copyrighted logos",silhouette / UV / normals / scale / pivot / LOD / material slots / mobile GPU budget
AS245,VFX_Mesh,時砂のキロス - 時砂残響,"original VELSTRIA fantasy game asset, 時砂のキロス - 時砂残響, stylized competitive MOBA, readable silhouette, PBR, game-ready topology, no copyrighted logos",silhouette / UV / normals / scale / pivot / LOD / material slots / mobile GPU budget
AS246,VFX_Mesh,時砂のキロス - Kiros式・一閃,"original VELSTRIA fantasy game asset, 時砂のキロス - Kiros式・一閃, stylized competitive MOBA, readable silhouette, PBR, game-ready topology, no copyrighted logos",silhouette / UV / normals / scale / pivot / LOD / material slots / mobile GPU budget
AS247,VFX_Mesh,時砂のキロス - 星環シフト21,"original VELSTRIA fantasy game asset, 時砂のキロス - 星環シフト21, stylized competitive MOBA, readable silhouette, PBR, game-ready topology, no copyrighted logos",silhouette / UV / normals / scale / pivot / LOD / material slots / mobile GPU budget
AS248,VFX_Mesh,時砂のキロス - 境界制圧21,"original VELSTRIA fantasy game asset, 時砂のキロス - 境界制圧21, stylized competitive MOBA, readable silhouette, PBR, game-ready topology, no copyrighted logos",silhouette / UV / normals / scale / pivot / LOD / material slots / mobile GPU budget
AS249,VFX_Mesh,時砂のキロス - 時砂逆転,"original VELSTRIA fantasy game asset, 時砂のキロス - 時砂逆転, stylized competitive MOBA, readable silhouette, PBR, game-ready topology, no copyrighted logos",silhouette / UV / normals / scale / pivot / LOD / material slots / mobile GPU budget
AS250,VFX_Mesh,蒼爪のレア - 蒼爪連舞,"original VELSTRIA fantasy game asset, 蒼爪のレア - 蒼爪連舞, stylized competitive MOBA, readable silhouette, PBR, game-ready topology, no copyrighted logos",silhouette / UV / normals / scale / pivot / LOD / material slots / mobile GPU budget
AS251,VFX_Mesh,蒼爪のレア - Rhea式・一閃,"original VELSTRIA fantasy game asset, 蒼爪のレア - Rhea式・一閃, stylized competitive MOBA, readable silhouette, PBR, game-ready topology, no copyrighted logos",silhouette / UV / normals / scale / pivot / LOD / material slots / mobile GPU budget
AS252,VFX_Mesh,蒼爪のレア - 星環シフト22,"original VELSTRIA fantasy game asset, 蒼爪のレア - 星環シフト22, stylized competitive MOBA, readable silhouette, PBR, game-ready topology, no copyrighted logos",silhouette / UV / normals / scale / pivot / LOD / material slots / mobile GPU budget
AS253,VFX_Mesh,蒼爪のレア - 境界制圧22,"original VELSTRIA fantasy game asset, 蒼爪のレア - 境界制圧22, stylized competitive MOBA, readable silhouette, PBR, game-ready topology, no copyrighted logos",silhouette / UV / normals / scale / pivot / LOD / material slots / mobile GPU budget
AS254,VFX_Mesh,蒼爪のレア - 蒼爪月輪,"original VELSTRIA fantasy game asset, 蒼爪のレア - 蒼爪月輪, stylized competitive MOBA, readable silhouette, PBR, game-ready topology, no copyrighted logos",silhouette / UV / normals / scale / pivot / LOD / material slots / mobile GPU budget
AS255,VFX_Mesh,雷槍のトレン - 帯電槍,"original VELSTRIA fantasy game asset, 雷槍のトレン - 帯電槍, stylized competitive MOBA, readable silhouette, PBR, game-ready topology, no copyrighted logos",silhouette / UV / normals / scale / pivot / LOD / material slots / mobile GPU budget
AS256,VFX_Mesh,雷槍のトレン - Toren式・一閃,"original VELSTRIA fantasy game asset, 雷槍のトレン - Toren式・一閃, stylized competitive MOBA, readable silhouette, PBR, game-ready topology, no copyrighted logos",silhouette / UV / normals / scale / pivot / LOD / material slots / mobile GPU budget
AS257,VFX_Mesh,雷槍のトレン - 星環シフト23,"original VELSTRIA fantasy game asset, 雷槍のトレン - 星環シフト23, stylized competitive MOBA, readable silhouette, PBR, game-ready topology, no copyrighted logos",silhouette / UV / normals / scale / pivot / LOD / material slots / mobile GPU budget
AS258,VFX_Mesh,雷槍のトレン - 境界制圧23,"original VELSTRIA fantasy game asset, 雷槍のトレン - 境界制圧23, stylized competitive MOBA, readable silhouette, PBR, game-ready topology, no copyrighted logos",silhouette / UV / normals / scale / pivot / LOD / material slots / mobile GPU budget
AS259,VFX_Mesh,雷槍のトレン - 雷槍天穿,"original VELSTRIA fantasy game asset, 雷槍のトレン - 雷槍天穿, stylized competitive MOBA, readable silhouette, PBR, game-ready topology, no copyrighted logos",silhouette / UV / normals / scale / pivot / LOD / material slots / mobile GPU budget
AS260,VFX_Mesh,夢織のノア - 夢糸,"original VELSTRIA fantasy game asset, 夢織のノア - 夢糸, stylized competitive MOBA, readable silhouette, PBR, game-ready topology, no copyrighted logos",silhouette / UV / normals / scale / pivot / LOD / material slots / mobile GPU budget
AS261,VFX_Mesh,夢織のノア - Noa式・一閃,"original VELSTRIA fantasy game asset, 夢織のノア - Noa式・一閃, stylized competitive MOBA, readable silhouette, PBR, game-ready topology, no copyrighted logos",silhouette / UV / normals / scale / pivot / LOD / material slots / mobile GPU budget
AS262,VFX_Mesh,夢織のノア - 星環シフト24,"original VELSTRIA fantasy game asset, 夢織のノア - 星環シフト24, stylized competitive MOBA, readable silhouette, PBR, game-ready topology, no copyrighted logos",silhouette / UV / normals / scale / pivot / LOD / material slots / mobile GPU budget
AS263,VFX_Mesh,夢織のノア - 境界制圧24,"original VELSTRIA fantasy game asset, 夢織のノア - 境界制圧24, stylized competitive MOBA, readable silhouette, PBR, game-ready topology, no copyrighted logos",silhouette / UV / normals / scale / pivot / LOD / material slots / mobile GPU budget
AS264,VFX_Mesh,夢織のノア - 夢界縫合,"original VELSTRIA fantasy game asset, 夢織のノア - 夢界縫合, stylized competitive MOBA, readable silhouette, PBR, game-ready topology, no copyrighted logos",silhouette / UV / normals / scale / pivot / LOD / material slots / mobile GPU budget
AS265,VFX_Mesh,共通演出1,"original VELSTRIA fantasy game asset, 共通演出1, stylized competitive MOBA, readable silhouette, PBR, game-ready topology, no copyrighted logos",silhouette / UV / normals / scale / pivot / LOD / material slots / mobile GPU budget
AS266,VFX_Mesh,共通演出2,"original VELSTRIA fantasy game asset, 共通演出2, stylized competitive MOBA, readable silhouette, PBR, game-ready topology, no copyrighted logos",silhouette / UV / normals / scale / pivot / LOD / material slots / mobile GPU budget
AS267,VFX_Mesh,共通演出3,"original VELSTRIA fantasy game asset, 共通演出3, stylized competitive MOBA, readable silhouette, PBR, game-ready topology, no copyrighted logos",silhouette / UV / normals / scale / pivot / LOD / material slots / mobile GPU budget
AS268,VFX_Mesh,共通演出4,"original VELSTRIA fantasy game asset, 共通演出4, stylized competitive MOBA, readable silhouette, PBR, game-ready topology, no copyrighted logos",silhouette / UV / normals / scale / pivot / LOD / material slots / mobile GPU budget
AS269,Environment,戦場環境アセット001,"original VELSTRIA fantasy game asset, 戦場環境アセット001, stylized competitive MOBA, readable silhouette, PBR, game-ready topology, no copyrighted logos",silhouette / UV / normals / scale / pivot / LOD / material slots / mobile GPU budget
AS270,Environment,戦場環境アセット002,"original VELSTRIA fantasy game asset, 戦場環境アセット002, stylized competitive MOBA, readable silhouette, PBR, game-ready topology, no copyrighted logos",silhouette / UV / normals / scale / pivot / LOD / material slots / mobile GPU budget
AS271,Environment,戦場環境アセット003,"original VELSTRIA fantasy game asset, 戦場環境アセット003, stylized competitive MOBA, readable silhouette, PBR, game-ready topology, no copyrighted logos",silhouette / UV / normals / scale / pivot / LOD / material slots / mobile GPU budget
AS272,Environment,戦場環境アセット004,"original VELSTRIA fantasy game asset, 戦場環境アセット004, stylized competitive MOBA, readable silhouette, PBR, game-ready topology, no copyrighted logos",silhouette / UV / normals / scale / pivot / LOD / material slots / mobile GPU budget
AS273,Environment,戦場環境アセット005,"original VELSTRIA fantasy game asset, 戦場環境アセット005, stylized competitive MOBA, readable silhouette, PBR, game-ready topology, no copyrighted logos",silhouette / UV / normals / scale / pivot / LOD / material slots / mobile GPU budget
AS274,Environment,戦場環境アセット006,"original VELSTRIA fantasy game asset, 戦場環境アセット006, stylized competitive MOBA, readable silhouette, PBR, game-ready topology, no copyrighted logos",silhouette / UV / normals / scale / pivot / LOD / material slots / mobile GPU budget
AS275,Environment,戦場環境アセット007,"original VELSTRIA fantasy game asset, 戦場環境アセット007, stylized competitive MOBA, readable silhouette, PBR, game-ready topology, no copyrighted logos",silhouette / UV / normals / scale / pivot / LOD / material slots / mobile GPU budget
AS276,Environment,戦場環境アセット008,"original VELSTRIA fantasy game asset, 戦場環境アセット008, stylized competitive MOBA, readable silhouette, PBR, game-ready topology, no copyrighted logos",silhouette / UV / normals / scale / pivot / LOD / material slots / mobile GPU budget
AS277,Environment,戦場環境アセット009,"original VELSTRIA fantasy game asset, 戦場環境アセット009, stylized competitive MOBA, readable silhouette, PBR, game-ready topology, no copyrighted logos",silhouette / UV / normals / scale / pivot / LOD / material slots / mobile GPU budget
AS278,Environment,戦場環境アセット010,"original VELSTRIA fantasy game asset, 戦場環境アセット010, stylized competitive MOBA, readable silhouette, PBR, game-ready topology, no copyrighted logos",silhouette / UV / normals / scale / pivot / LOD / material slots / mobile GPU budget
AS279,Environment,戦場環境アセット011,"original VELSTRIA fantasy game asset, 戦場環境アセット011, stylized competitive MOBA, readable silhouette, PBR, game-ready topology, no copyrighted logos",silhouette / UV / normals / scale / pivot / LOD / material slots / mobile GPU budget
AS280,Environment,戦場環境アセット012,"original VELSTRIA fantasy game asset, 戦場環境アセット012, stylized competitive MOBA, readable silhouette, PBR, game-ready topology, no copyrighted logos",silhouette / UV / normals / scale / pivot / LOD / material slots / mobile GPU budget
AS281,Environment,戦場環境アセット013,"original VELSTRIA fantasy game asset, 戦場環境アセット013, stylized competitive MOBA, readable silhouette, PBR, game-ready topology, no copyrighted logos",silhouette / UV / normals / scale / pivot / LOD / material slots / mobile GPU budget
AS282,Environment,戦場環境アセット014,"original VELSTRIA fantasy game asset, 戦場環境アセット014, stylized competitive MOBA, readable silhouette, PBR, game-ready topology, no copyrighted logos",silhouette / UV / normals / scale / pivot / LOD / material slots / mobile GPU budget
AS283,Environment,戦場環境アセット015,"original VELSTRIA fantasy game asset, 戦場環境アセット015, stylized competitive MOBA, readable silhouette, PBR, game-ready topology, no copyrighted logos",silhouette / UV / normals / scale / pivot / LOD / material slots / mobile GPU budget
AS284,Environment,戦場環境アセット016,"original VELSTRIA fantasy game asset, 戦場環境アセット016, stylized competitive MOBA, readable silhouette, PBR, game-ready topology, no copyrighted logos",silhouette / UV / normals / scale / pivot / LOD / material slots / mobile GPU budget
AS285,Environment,戦場環境アセット017,"original VELSTRIA fantasy game asset, 戦場環境アセット017, stylized competitive MOBA, readable silhouette, PBR, game-ready topology, no copyrighted logos",silhouette / UV / normals / scale / pivot / LOD / material slots / mobile GPU budget
AS286,Environment,戦場環境アセット018,"original VELSTRIA fantasy game asset, 戦場環境アセット018, stylized competitive MOBA, readable silhouette, PBR, game-ready topology, no copyrighted logos",silhouette / UV / normals / scale / pivot / LOD / material slots / mobile GPU budget
AS287,Environment,戦場環境アセット019,"original VELSTRIA fantasy game asset, 戦場環境アセット019, stylized competitive MOBA, readable silhouette, PBR, game-ready topology, no copyrighted logos",silhouette / UV / normals / scale / pivot / LOD / material slots / mobile GPU budget
AS288,Environment,戦場環境アセット020,"original VELSTRIA fantasy game asset, 戦場環境アセット020, stylized competitive MOBA, readable silhouette, PBR, game-ready topology, no copyrighted logos",silhouette / UV / normals / scale / pivot / LOD / material slots / mobile GPU budget
AS289,Environment,戦場環境アセット021,"original VELSTRIA fantasy game asset, 戦場環境アセット021, stylized competitive MOBA, readable silhouette, PBR, game-ready topology, no copyrighted logos",silhouette / UV / normals / scale / pivot / LOD / material slots / mobile GPU budget
AS290,Environment,戦場環境アセット022,"original VELSTRIA fantasy game asset, 戦場環境アセット022, stylized competitive MOBA, readable silhouette, PBR, game-ready topology, no copyrighted logos",silhouette / UV / normals / scale / pivot / LOD / material slots / mobile GPU budget
AS291,Environment,戦場環境アセット023,"original VELSTRIA fantasy game asset, 戦場環境アセット023, stylized competitive MOBA, readable silhouette, PBR, game-ready topology, no copyrighted logos",silhouette / UV / normals / scale / pivot / LOD / material slots / mobile GPU budget
AS292,Environment,戦場環境アセット024,"original VELSTRIA fantasy game asset, 戦場環境アセット024, stylized competitive MOBA, readable silhouette, PBR, game-ready topology, no copyrighted logos",silhouette / UV / normals / scale / pivot / LOD / material slots / mobile GPU budget
AS293,Environment,戦場環境アセット025,"original VELSTRIA fantasy game asset, 戦場環境アセット025, stylized competitive MOBA, readable silhouette, PBR, game-ready topology, no copyrighted logos",silhouette / UV / normals / scale / pivot / LOD / material slots / mobile GPU budget
AS294,Environment,戦場環境アセット026,"original VELSTRIA fantasy game asset, 戦場環境アセット026, stylized competitive MOBA, readable silhouette, PBR, game-ready topology, no copyrighted logos",silhouette / UV / normals / scale / pivot / LOD / material slots / mobile GPU budget
AS295,Environment,戦場環境アセット027,"original VELSTRIA fantasy game asset, 戦場環境アセット027, stylized competitive MOBA, readable silhouette, PBR, game-ready topology, no copyrighted logos",silhouette / UV / normals / scale / pivot / LOD / material slots / mobile GPU budget
AS296,Environment,戦場環境アセット028,"original VELSTRIA fantasy game asset, 戦場環境アセット028, stylized competitive MOBA, readable silhouette, PBR, game-ready topology, no copyrighted logos",silhouette / UV / normals / scale / pivot / LOD / material slots / mobile GPU budget
AS297,Environment,戦場環境アセット029,"original VELSTRIA fantasy game asset, 戦場環境アセット029, stylized competitive MOBA, readable silhouette, PBR, game-ready topology, no copyrighted logos",silhouette / UV / normals / scale / pivot / LOD / material slots / mobile GPU budget
AS298,Environment,戦場環境アセット030,"original VELSTRIA fantasy game asset, 戦場環境アセット030, stylized competitive MOBA, readable silhouette, PBR, game-ready topology, no copyrighted logos",silhouette / UV / normals / scale / pivot / LOD / material slots / mobile GPU budget
AS299,Environment,戦場環境アセット031,"original VELSTRIA fantasy game asset, 戦場環境アセット031, stylized competitive MOBA, readable silhouette, PBR, game-ready topology, no copyrighted logos",silhouette / UV / normals / scale / pivot / LOD / material slots / mobile GPU budget
AS300,Environment,戦場環境アセット032,"original VELSTRIA fantasy game asset, 戦場環境アセット032, stylized competitive MOBA, readable silhouette, PBR, game-ready topology, no copyrighted logos",silhouette / UV / normals / scale / pivot / LOD / material slots / mobile GPU budget
AS301,Environment,戦場環境アセット033,"original VELSTRIA fantasy game asset, 戦場環境アセット033, stylized competitive MOBA, readable silhouette, PBR, game-ready topology, no copyrighted logos",silhouette / UV / normals / scale / pivot / LOD / material slots / mobile GPU budget
AS302,Environment,戦場環境アセット034,"original VELSTRIA fantasy game asset, 戦場環境アセット034, stylized competitive MOBA, readable silhouette, PBR, game-ready topology, no copyrighted logos",silhouette / UV / normals / scale / pivot / LOD / material slots / mobile GPU budget
AS303,Environment,戦場環境アセット035,"original VELSTRIA fantasy game asset, 戦場環境アセット035, stylized competitive MOBA, readable silhouette, PBR, game-ready topology, no copyrighted logos",silhouette / UV / normals / scale / pivot / LOD / material slots / mobile GPU budget
AS304,Environment,戦場環境アセット036,"original VELSTRIA fantasy game asset, 戦場環境アセット036, stylized competitive MOBA, readable silhouette, PBR, game-ready topology, no copyrighted logos",silhouette / UV / normals / scale / pivot / LOD / material slots / mobile GPU budget
AS305,Environment,戦場環境アセット037,"original VELSTRIA fantasy game asset, 戦場環境アセット037, stylized competitive MOBA, readable silhouette, PBR, game-ready topology, no copyrighted logos",silhouette / UV / normals / scale / pivot / LOD / material slots / mobile GPU budget
AS306,Environment,戦場環境アセット038,"original VELSTRIA fantasy game asset, 戦場環境アセット038, stylized competitive MOBA, readable silhouette, PBR, game-ready topology, no copyrighted logos",silhouette / UV / normals / scale / pivot / LOD / material slots / mobile GPU budget
AS307,Environment,戦場環境アセット039,"original VELSTRIA fantasy game asset, 戦場環境アセット039, stylized competitive MOBA, readable silhouette, PBR, game-ready topology, no copyrighted logos",silhouette / UV / normals / scale / pivot / LOD / material slots / mobile GPU budget
AS308,Environment,戦場環境アセット040,"original VELSTRIA fantasy game asset, 戦場環境アセット040, stylized competitive MOBA, readable silhouette, PBR, game-ready topology, no copyrighted logos",silhouette / UV / normals / scale / pivot / LOD / material slots / mobile GPU budget
AS309,Environment,戦場環境アセット041,"original VELSTRIA fantasy game asset, 戦場環境アセット041, stylized competitive MOBA, readable silhouette, PBR, game-ready topology, no copyrighted logos",silhouette / UV / normals / scale / pivot / LOD / material slots / mobile GPU budget
AS310,Environment,戦場環境アセット042,"original VELSTRIA fantasy game asset, 戦場環境アセット042, stylized competitive MOBA, readable silhouette, PBR, game-ready topology, no copyrighted logos",silhouette / UV / normals / scale / pivot / LOD / material slots / mobile GPU budget
AS311,Environment,戦場環境アセット043,"original VELSTRIA fantasy game asset, 戦場環境アセット043, stylized competitive MOBA, readable silhouette, PBR, game-ready topology, no copyrighted logos",silhouette / UV / normals / scale / pivot / LOD / material slots / mobile GPU budget
AS312,Environment,戦場環境アセット044,"original VELSTRIA fantasy game asset, 戦場環境アセット044, stylized competitive MOBA, readable silhouette, PBR, game-ready topology, no copyrighted logos",silhouette / UV / normals / scale / pivot / LOD / material slots / mobile GPU budget
AS313,Environment,戦場環境アセット045,"original VELSTRIA fantasy game asset, 戦場環境アセット045, stylized competitive MOBA, readable silhouette, PBR, game-ready topology, no copyrighted logos",silhouette / UV / normals / scale / pivot / LOD / material slots / mobile GPU budget
AS314,Environment,戦場環境アセット046,"original VELSTRIA fantasy game asset, 戦場環境アセット046, stylized competitive MOBA, readable silhouette, PBR, game-ready topology, no copyrighted logos",silhouette / UV / normals / scale / pivot / LOD / material slots / mobile GPU budget
AS315,Environment,戦場環境アセット047,"original VELSTRIA fantasy game asset, 戦場環境アセット047, stylized competitive MOBA, readable silhouette, PBR, game-ready topology, no copyrighted logos",silhouette / UV / normals / scale / pivot / LOD / material slots / mobile GPU budget
AS316,Environment,戦場環境アセット048,"original VELSTRIA fantasy game asset, 戦場環境アセット048, stylized competitive MOBA, readable silhouette, PBR, game-ready topology, no copyrighted logos",silhouette / UV / normals / scale / pivot / LOD / material slots / mobile GPU budget
AS317,Environment,戦場環境アセット049,"original VELSTRIA fantasy game asset, 戦場環境アセット049, stylized competitive MOBA, readable silhouette, PBR, game-ready topology, no copyrighted logos",silhouette / UV / normals / scale / pivot / LOD / material slots / mobile GPU budget
AS318,Environment,戦場環境アセット050,"original VELSTRIA fantasy game asset, 戦場環境アセット050, stylized competitive MOBA, readable silhouette, PBR, game-ready topology, no copyrighted logos",silhouette / UV / normals / scale / pivot / LOD / material slots / mobile GPU budget
AS319,Environment,戦場環境アセット051,"original VELSTRIA fantasy game asset, 戦場環境アセット051, stylized competitive MOBA, readable silhouette, PBR, game-ready topology, no copyrighted logos",silhouette / UV / normals / scale / pivot / LOD / material slots / mobile GPU budget
AS320,Environment,戦場環境アセット052,"original VELSTRIA fantasy game asset, 戦場環境アセット052, stylized competitive MOBA, readable silhouette, PBR, game-ready topology, no copyrighted logos",silhouette / UV / normals / scale / pivot / LOD / material slots / mobile GPU budget
AS321,Environment,戦場環境アセット053,"original VELSTRIA fantasy game asset, 戦場環境アセット053, stylized competitive MOBA, readable silhouette, PBR, game-ready topology, no copyrighted logos",silhouette / UV / normals / scale / pivot / LOD / material slots / mobile GPU budget
AS322,Environment,戦場環境アセット054,"original VELSTRIA fantasy game asset, 戦場環境アセット054, stylized competitive MOBA, readable silhouette, PBR, game-ready topology, no copyrighted logos",silhouette / UV / normals / scale / pivot / LOD / material slots / mobile GPU budget
AS323,Environment,戦場環境アセット055,"original VELSTRIA fantasy game asset, 戦場環境アセット055, stylized competitive MOBA, readable silhouette, PBR, game-ready topology, no copyrighted logos",silhouette / UV / normals / scale / pivot / LOD / material slots / mobile GPU budget
AS324,Environment,戦場環境アセット056,"original VELSTRIA fantasy game asset, 戦場環境アセット056, stylized competitive MOBA, readable silhouette, PBR, game-ready topology, no copyrighted logos",silhouette / UV / normals / scale / pivot / LOD / material slots / mobile GPU budget
AS325,Environment,戦場環境アセット057,"original VELSTRIA fantasy game asset, 戦場環境アセット057, stylized competitive MOBA, readable silhouette, PBR, game-ready topology, no copyrighted logos",silhouette / UV / normals / scale / pivot / LOD / material slots / mobile GPU budget
AS326,Environment,戦場環境アセット058,"original VELSTRIA fantasy game asset, 戦場環境アセット058, stylized competitive MOBA, readable silhouette, PBR, game-ready topology, no copyrighted logos",silhouette / UV / normals / scale / pivot / LOD / material slots / mobile GPU budget
AS327,Environment,戦場環境アセット059,"original VELSTRIA fantasy game asset, 戦場環境アセット059, stylized competitive MOBA, readable silhouette, PBR, game-ready topology, no copyrighted logos",silhouette / UV / normals / scale / pivot / LOD / material slots / mobile GPU budget
AS328,Environment,戦場環境アセット060,"original VELSTRIA fantasy game asset, 戦場環境アセット060, stylized competitive MOBA, readable silhouette, PBR, game-ready topology, no copyrighted logos",silhouette / UV / normals / scale / pivot / LOD / material slots / mobile GPU budget
AS329,Environment,戦場環境アセット061,"original VELSTRIA fantasy game asset, 戦場環境アセット061, stylized competitive MOBA, readable silhouette, PBR, game-ready topology, no copyrighted logos",silhouette / UV / normals / scale / pivot / LOD / material slots / mobile GPU budget
AS330,Environment,戦場環境アセット062,"original VELSTRIA fantasy game asset, 戦場環境アセット062, stylized competitive MOBA, readable silhouette, PBR, game-ready topology, no copyrighted logos",silhouette / UV / normals / scale / pivot / LOD / material slots / mobile GPU budget
AS331,Environment,戦場環境アセット063,"original VELSTRIA fantasy game asset, 戦場環境アセット063, stylized competitive MOBA, readable silhouette, PBR, game-ready topology, no copyrighted logos",silhouette / UV / normals / scale / pivot / LOD / material slots / mobile GPU budget
AS332,Environment,戦場環境アセット064,"original VELSTRIA fantasy game asset, 戦場環境アセット064, stylized competitive MOBA, readable silhouette, PBR, game-ready topology, no copyrighted logos",silhouette / UV / normals / scale / pivot / LOD / material slots / mobile GPU budget
AS333,Environment,戦場環境アセット065,"original VELSTRIA fantasy game asset, 戦場環境アセット065, stylized competitive MOBA, readable silhouette, PBR, game-ready topology, no copyrighted logos",silhouette / UV / normals / scale / pivot / LOD / material slots / mobile GPU budget
AS334,Environment,戦場環境アセット066,"original VELSTRIA fantasy game asset, 戦場環境アセット066, stylized competitive MOBA, readable silhouette, PBR, game-ready topology, no copyrighted logos",silhouette / UV / normals / scale / pivot / LOD / material slots / mobile GPU budget
AS335,Environment,戦場環境アセット067,"original VELSTRIA fantasy game asset, 戦場環境アセット067, stylized competitive MOBA, readable silhouette, PBR, game-ready topology, no copyrighted logos",silhouette / UV / normals / scale / pivot / LOD / material slots / mobile GPU budget
AS336,Environment,戦場環境アセット068,"original VELSTRIA fantasy game asset, 戦場環境アセット068, stylized competitive MOBA, readable silhouette, PBR, game-ready topology, no copyrighted logos",silhouette / UV / normals / scale / pivot / LOD / material slots / mobile GPU budget
AS337,Environment,戦場環境アセット069,"original VELSTRIA fantasy game asset, 戦場環境アセット069, stylized competitive MOBA, readable silhouette, PBR, game-ready topology, no copyrighted logos",silhouette / UV / normals / scale / pivot / LOD / material slots / mobile GPU budget
AS338,Environment,戦場環境アセット070,"original VELSTRIA fantasy game asset, 戦場環境アセット070, stylized competitive MOBA, readable silhouette, PBR, game-ready topology, no copyrighted logos",silhouette / UV / normals / scale / pivot / LOD / material slots / mobile GPU budget
AS339,Environment,戦場環境アセット071,"original VELSTRIA fantasy game asset, 戦場環境アセット071, stylized competitive MOBA, readable silhouette, PBR, game-ready topology, no copyrighted logos",silhouette / UV / normals / scale / pivot / LOD / material slots / mobile GPU budget
AS340,Environment,戦場環境アセット072,"original VELSTRIA fantasy game asset, 戦場環境アセット072, stylized competitive MOBA, readable silhouette, PBR, game-ready topology, no copyrighted logos",silhouette / UV / normals / scale / pivot / LOD / material slots / mobile GPU budget
AS341,Environment,戦場環境アセット073,"original VELSTRIA fantasy game asset, 戦場環境アセット073, stylized competitive MOBA, readable silhouette, PBR, game-ready topology, no copyrighted logos",silhouette / UV / normals / scale / pivot / LOD / material slots / mobile GPU budget
AS342,Environment,戦場環境アセット074,"original VELSTRIA fantasy game asset, 戦場環境アセット074, stylized competitive MOBA, readable silhouette, PBR, game-ready topology, no copyrighted logos",silhouette / UV / normals / scale / pivot / LOD / material slots / mobile GPU budget
AS343,Environment,戦場環境アセット075,"original VELSTRIA fantasy game asset, 戦場環境アセット075, stylized competitive MOBA, readable silhouette, PBR, game-ready topology, no copyrighted logos",silhouette / UV / normals / scale / pivot / LOD / material slots / mobile GPU budget
AS344,Environment,戦場環境アセット076,"original VELSTRIA fantasy game asset, 戦場環境アセット076, stylized competitive MOBA, readable silhouette, PBR, game-ready topology, no copyrighted logos",silhouette / UV / normals / scale / pivot / LOD / material slots / mobile GPU budget
AS345,Environment,戦場環境アセット077,"original VELSTRIA fantasy game asset, 戦場環境アセット077, stylized competitive MOBA, readable silhouette, PBR, game-ready topology, no copyrighted logos",silhouette / UV / normals / scale / pivot / LOD / material slots / mobile GPU budget
AS346,Environment,戦場環境アセット078,"original VELSTRIA fantasy game asset, 戦場環境アセット078, stylized competitive MOBA, readable silhouette, PBR, game-ready topology, no copyrighted logos",silhouette / UV / normals / scale / pivot / LOD / material slots / mobile GPU budget
AS347,Environment,戦場環境アセット079,"original VELSTRIA fantasy game asset, 戦場環境アセット079, stylized competitive MOBA, readable silhouette, PBR, game-ready topology, no copyrighted logos",silhouette / UV / normals / scale / pivot / LOD / material slots / mobile GPU budget
AS348,Environment,戦場環境アセット080,"original VELSTRIA fantasy game asset, 戦場環境アセット080, stylized competitive MOBA, readable silhouette, PBR, game-ready topology, no copyrighted logos",silhouette / UV / normals / scale / pivot / LOD / material slots / mobile GPU budget
AS349,Environment,戦場環境アセット081,"original VELSTRIA fantasy game asset, 戦場環境アセット081, stylized competitive MOBA, readable silhouette, PBR, game-ready topology, no copyrighted logos",silhouette / UV / normals / scale / pivot / LOD / material slots / mobile GPU budget
AS350,Environment,戦場環境アセット082,"original VELSTRIA fantasy game asset, 戦場環境アセット082, stylized competitive MOBA, readable silhouette, PBR, game-ready topology, no copyrighted logos",silhouette / UV / normals / scale / pivot / LOD / material slots / mobile GPU budget
AS351,Environment,戦場環境アセット083,"original VELSTRIA fantasy game asset, 戦場環境アセット083, stylized competitive MOBA, readable silhouette, PBR, game-ready topology, no copyrighted logos",silhouette / UV / normals / scale / pivot / LOD / material slots / mobile GPU budget
AS352,Environment,戦場環境アセット084,"original VELSTRIA fantasy game asset, 戦場環境アセット084, stylized competitive MOBA, readable silhouette, PBR, game-ready topology, no copyrighted logos",silhouette / UV / normals / scale / pivot / LOD / material slots / mobile GPU budget
AS353,Environment,戦場環境アセット085,"original VELSTRIA fantasy game asset, 戦場環境アセット085, stylized competitive MOBA, readable silhouette, PBR, game-ready topology, no copyrighted logos",silhouette / UV / normals / scale / pivot / LOD / material slots / mobile GPU budget
AS354,Environment,戦場環境アセット086,"original VELSTRIA fantasy game asset, 戦場環境アセット086, stylized competitive MOBA, readable silhouette, PBR, game-ready topology, no copyrighted logos",silhouette / UV / normals / scale / pivot / LOD / material slots / mobile GPU budget
AS355,Environment,戦場環境アセット087,"original VELSTRIA fantasy game asset, 戦場環境アセット087, stylized competitive MOBA, readable silhouette, PBR, game-ready topology, no copyrighted logos",silhouette / UV / normals / scale / pivot / LOD / material slots / mobile GPU budget
AS356,Environment,戦場環境アセット088,"original VELSTRIA fantasy game asset, 戦場環境アセット088, stylized competitive MOBA, readable silhouette, PBR, game-ready topology, no copyrighted logos",silhouette / UV / normals / scale / pivot / LOD / material slots / mobile GPU budget
AS357,Environment,戦場環境アセット089,"original VELSTRIA fantasy game asset, 戦場環境アセット089, stylized competitive MOBA, readable silhouette, PBR, game-ready topology, no copyrighted logos",silhouette / UV / normals / scale / pivot / LOD / material slots / mobile GPU budget
AS358,Environment,戦場環境アセット090,"original VELSTRIA fantasy game asset, 戦場環境アセット090, stylized competitive MOBA, readable silhouette, PBR, game-ready topology, no copyrighted logos",silhouette / UV / normals / scale / pivot / LOD / material slots / mobile GPU budget
AS359,Environment,戦場環境アセット091,"original VELSTRIA fantasy game asset, 戦場環境アセット091, stylized competitive MOBA, readable silhouette, PBR, game-ready topology, no copyrighted logos",silhouette / UV / normals / scale / pivot / LOD / material slots / mobile GPU budget
AS360,Environment,戦場環境アセット092,"original VELSTRIA fantasy game asset, 戦場環境アセット092, stylized competitive MOBA, readable silhouette, PBR, game-ready topology, no copyrighted logos",silhouette / UV / normals / scale / pivot / LOD / material slots / mobile GPU budget
AS361,Environment,戦場環境アセット093,"original VELSTRIA fantasy game asset, 戦場環境アセット093, stylized competitive MOBA, readable silhouette, PBR, game-ready topology, no copyrighted logos",silhouette / UV / normals / scale / pivot / LOD / material slots / mobile GPU budget
AS362,Environment,戦場環境アセット094,"original VELSTRIA fantasy game asset, 戦場環境アセット094, stylized competitive MOBA, readable silhouette, PBR, game-ready topology, no copyrighted logos",silhouette / UV / normals / scale / pivot / LOD / material slots / mobile GPU budget
AS363,Environment,戦場環境アセット095,"original VELSTRIA fantasy game asset, 戦場環境アセット095, stylized competitive MOBA, readable silhouette, PBR, game-ready topology, no copyrighted logos",silhouette / UV / normals / scale / pivot / LOD / material slots / mobile GPU budget
AS364,Environment,戦場環境アセット096,"original VELSTRIA fantasy game asset, 戦場環境アセット096, stylized competitive MOBA, readable silhouette, PBR, game-ready topology, no copyrighted logos",silhouette / UV / normals / scale / pivot / LOD / material slots / mobile GPU budget
AS365,Environment,戦場環境アセット097,"original VELSTRIA fantasy game asset, 戦場環境アセット097, stylized competitive MOBA, readable silhouette, PBR, game-ready topology, no copyrighted logos",silhouette / UV / normals / scale / pivot / LOD / material slots / mobile GPU budget
AS366,Environment,戦場環境アセット098,"original VELSTRIA fantasy game asset, 戦場環境アセット098, stylized competitive MOBA, readable silhouette, PBR, game-ready topology, no copyrighted logos",silhouette / UV / normals / scale / pivot / LOD / material slots / mobile GPU budget
AS367,Environment,戦場環境アセット099,"original VELSTRIA fantasy game asset, 戦場環境アセット099, stylized competitive MOBA, readable silhouette, PBR, game-ready topology, no copyrighted logos",silhouette / UV / normals / scale / pivot / LOD / material slots / mobile GPU budget
AS368,Environment,戦場環境アセット100,"original VELSTRIA fantasy game asset, 戦場環境アセット100, stylized competitive MOBA, readable silhouette, PBR, game-ready topology, no copyrighted logos",silhouette / UV / normals / scale / pivot / LOD / material slots / mobile GPU budget
AS369,Environment,戦場環境アセット101,"original VELSTRIA fantasy game asset, 戦場環境アセット101, stylized competitive MOBA, readable silhouette, PBR, game-ready topology, no copyrighted logos",silhouette / UV / normals / scale / pivot / LOD / material slots / mobile GPU budget
AS370,Environment,戦場環境アセット102,"original VELSTRIA fantasy game asset, 戦場環境アセット102, stylized competitive MOBA, readable silhouette, PBR, game-ready topology, no copyrighted logos",silhouette / UV / normals / scale / pivot / LOD / material slots / mobile GPU budget
AS371,Environment,戦場環境アセット103,"original VELSTRIA fantasy game asset, 戦場環境アセット103, stylized competitive MOBA, readable silhouette, PBR, game-ready topology, no copyrighted logos",silhouette / UV / normals / scale / pivot / LOD / material slots / mobile GPU budget
AS372,Environment,戦場環境アセット104,"original VELSTRIA fantasy game asset, 戦場環境アセット104, stylized competitive MOBA, readable silhouette, PBR, game-ready topology, no copyrighted logos",silhouette / UV / normals / scale / pivot / LOD / material slots / mobile GPU budget
AS373,Environment,戦場環境アセット105,"original VELSTRIA fantasy game asset, 戦場環境アセット105, stylized competitive MOBA, readable silhouette, PBR, game-ready topology, no copyrighted logos",silhouette / UV / normals / scale / pivot / LOD / material slots / mobile GPU budget
AS374,Environment,戦場環境アセット106,"original VELSTRIA fantasy game asset, 戦場環境アセット106, stylized competitive MOBA, readable silhouette, PBR, game-ready topology, no copyrighted logos",silhouette / UV / normals / scale / pivot / LOD / material slots / mobile GPU budget
AS375,Environment,戦場環境アセット107,"original VELSTRIA fantasy game asset, 戦場環境アセット107, stylized competitive MOBA, readable silhouette, PBR, game-ready topology, no copyrighted logos",silhouette / UV / normals / scale / pivot / LOD / material slots / mobile GPU budget
AS376,Environment,戦場環境アセット108,"original VELSTRIA fantasy game asset, 戦場環境アセット108, stylized competitive MOBA, readable silhouette, PBR, game-ready topology, no copyrighted logos",silhouette / UV / normals / scale / pivot / LOD / material slots / mobile GPU budget
AS377,Environment,戦場環境アセット109,"original VELSTRIA fantasy game asset, 戦場環境アセット109, stylized competitive MOBA, readable silhouette, PBR, game-ready topology, no copyrighted logos",silhouette / UV / normals / scale / pivot / LOD / material slots / mobile GPU budget
AS378,Environment,戦場環境アセット110,"original VELSTRIA fantasy game asset, 戦場環境アセット110, stylized competitive MOBA, readable silhouette, PBR, game-ready topology, no copyrighted logos",silhouette / UV / normals / scale / pivot / LOD / material slots / mobile GPU budget
AS379,Environment,戦場環境アセット111,"original VELSTRIA fantasy game asset, 戦場環境アセット111, stylized competitive MOBA, readable silhouette, PBR, game-ready topology, no copyrighted logos",silhouette / UV / normals / scale / pivot / LOD / material slots / mobile GPU budget
AS380,Environment,戦場環境アセット112,"original VELSTRIA fantasy game asset, 戦場環境アセット112, stylized competitive MOBA, readable silhouette, PBR, game-ready topology, no copyrighted logos",silhouette / UV / normals / scale / pivot / LOD / material slots / mobile GPU budget
AS381,Environment,戦場環境アセット113,"original VELSTRIA fantasy game asset, 戦場環境アセット113, stylized competitive MOBA, readable silhouette, PBR, game-ready topology, no copyrighted logos",silhouette / UV / normals / scale / pivot / LOD / material slots / mobile GPU budget
AS382,Environment,戦場環境アセット114,"original VELSTRIA fantasy game asset, 戦場環境アセット114, stylized competitive MOBA, readable silhouette, PBR, game-ready topology, no copyrighted logos",silhouette / UV / normals / scale / pivot / LOD / material slots / mobile GPU budget
AS383,Environment,戦場環境アセット115,"original VELSTRIA fantasy game asset, 戦場環境アセット115, stylized competitive MOBA, readable silhouette, PBR, game-ready topology, no copyrighted logos",silhouette / UV / normals / scale / pivot / LOD / material slots / mobile GPU budget
AS384,Environment,戦場環境アセット116,"original VELSTRIA fantasy game asset, 戦場環境アセット116, stylized competitive MOBA, readable silhouette, PBR, game-ready topology, no copyrighted logos",silhouette / UV / normals / scale / pivot / LOD / material slots / mobile GPU budget
AS385,Environment,戦場環境アセット117,"original VELSTRIA fantasy game asset, 戦場環境アセット117, stylized competitive MOBA, readable silhouette, PBR, game-ready topology, no copyrighted logos",silhouette / UV / normals / scale / pivot / LOD / material slots / mobile GPU budget
AS386,Environment,戦場環境アセット118,"original VELSTRIA fantasy game asset, 戦場環境アセット118, stylized competitive MOBA, readable silhouette, PBR, game-ready topology, no copyrighted logos",silhouette / UV / normals / scale / pivot / LOD / material slots / mobile GPU budget
AS387,Environment,戦場環境アセット119,"original VELSTRIA fantasy game asset, 戦場環境アセット119, stylized competitive MOBA, readable silhouette, PBR, game-ready topology, no copyrighted logos",silhouette / UV / normals / scale / pivot / LOD / material slots / mobile GPU budget
AS388,Environment,戦場環境アセット120,"original VELSTRIA fantasy game asset, 戦場環境アセット120, stylized competitive MOBA, readable silhouette, PBR, game-ready topology, no copyrighted logos",silhouette / UV / normals / scale / pivot / LOD / material slots / mobile GPU budget
AS389,Environment,戦場環境アセット121,"original VELSTRIA fantasy game asset, 戦場環境アセット121, stylized competitive MOBA, readable silhouette, PBR, game-ready topology, no copyrighted logos",silhouette / UV / normals / scale / pivot / LOD / material slots / mobile GPU budget
AS390,Environment,戦場環境アセット122,"original VELSTRIA fantasy game asset, 戦場環境アセット122, stylized competitive MOBA, readable silhouette, PBR, game-ready topology, no copyrighted logos",silhouette / UV / normals / scale / pivot / LOD / material slots / mobile GPU budget
AS391,Environment,戦場環境アセット123,"original VELSTRIA fantasy game asset, 戦場環境アセット123, stylized competitive MOBA, readable silhouette, PBR, game-ready topology, no copyrighted logos",silhouette / UV / normals / scale / pivot / LOD / material slots / mobile GPU budget
