asset_id,type,reference_id,name_ja,lod0_triangles,lod1_ratio,lod2_ratio,texture_max,rig_required,meshy_prompt,qa
AS001,Hero_Base,H001,城門の誓衛アルデン,18000,0.55,0.25,2048,True,"original VELSTRIA fantasy game asset, 城門の誓衛アルデン, stylized competitive MOBA, readable silhouette, PBR, game-ready topology, no copyrighted logos",silhouette / UV / normals / scale / pivot / LOD / material slots / mobile GPU budget
AS002,Hero_Base,H002,星弦のリラ,18000,0.55,0.25,2048,True,"original VELSTRIA fantasy game asset, 星弦のリラ, stylized competitive MOBA, readable silhouette, PBR, game-ready topology, no copyrighted logos",silhouette / UV / normals / scale / pivot / LOD / material slots / mobile GPU budget
AS003,Hero_Base,H003,灰刃のカエル,18000,0.55,0.25,2048,True,"original VELSTRIA fantasy game asset, 灰刃のカエル, stylized competitive MOBA, readable silhouette, PBR, game-ready topology, no copyrighted logos",silhouette / UV / normals / scale / pivot / LOD / material slots / mobile GPU budget
AS004,Hero_Base,H004,潮祈のミレア,18000,0.55,0.25,2048,True,"original VELSTRIA fantasy game asset, 潮祈のミレア, stylized competitive MOBA, readable silhouette, PBR, game-ready topology, no copyrighted logos",silhouette / UV / normals / scale / pivot / LOD / material slots / mobile GPU budget
AS005,Hero_Base,H005,黒雷のヴォス,18000,0.55,0.25,2048,True,"original VELSTRIA fantasy game asset, 黒雷のヴォス, stylized competitive MOBA, readable silhouette, PBR, game-ready topology, no copyrighted logos",silhouette / UV / normals / scale / pivot / LOD / material slots / mobile GPU budget
AS006,Hero_Base,H006,月灯のセレン,18000,0.55,0.25,2048,True,"original VELSTRIA fantasy game asset, 月灯のセレン, stylized competitive MOBA, readable silhouette, PBR, game-ready topology, no copyrighted logos",silhouette / UV / normals / scale / pivot / LOD / material slots / mobile GPU budget
AS007,Hero_Base,H007,岩脈のガルク,18000,0.55,0.25,2048,True,"original VELSTRIA fantasy game asset, 岩脈のガルク, stylized competitive MOBA, readable silhouette, PBR, game-ready topology, no copyrighted logos",silhouette / UV / normals / scale / pivot / LOD / material slots / mobile GPU budget
AS008,Hero_Base,H008,風標のニア,18000,0.55,0.25,2048,True,"original VELSTRIA fantasy game asset, 風標のニア, stylized competitive MOBA, readable silhouette, PBR, game-ready topology, no copyrighted logos",silhouette / UV / normals / scale / pivot / LOD / material slots / mobile GPU budget
AS009,Hero_Base,H009,機巧士オリン,18000,0.55,0.25,2048,True,"original VELSTRIA fantasy game asset, 機巧士オリン, stylized competitive MOBA, readable silhouette, PBR, game-ready topology, no copyrighted logos",silhouette / UV / normals / scale / pivot / LOD / material slots / mobile GPU budget
AS010,Hero_Base,H010,焔冠のテッサ,18000,0.55,0.25,2048,True,"original VELSTRIA fantasy game asset, 焔冠のテッサ, stylized competitive MOBA, readable silhouette, PBR, game-ready topology, no copyrighted logos",silhouette / UV / normals / scale / pivot / LOD / material slots / mobile GPU budget
AS011,Hero_Base,H011,鉄翼のルーク,18000,0.55,0.25,2048,True,"original VELSTRIA fantasy game asset, 鉄翼のルーク, stylized competitive MOBA, readable silhouette, PBR, game-ready topology, no copyrighted logos",silhouette / UV / normals / scale / pivot / LOD / material slots / mobile GPU budget
AS012,Hero_Base,H012,玻璃歌のエリネ,18000,0.55,0.25,2048,True,"original VELSTRIA fantasy game asset, 玻璃歌のエリネ, stylized competitive MOBA, readable silhouette, PBR, game-ready topology, no copyrighted logos",silhouette / UV / normals / scale / pivot / LOD / material slots / mobile GPU budget
AS013,Hero_Base,H013,獣刻のダガン,18000,0.55,0.25,2048,True,"original VELSTRIA fantasy game asset, 獣刻のダガン, stylized competitive MOBA, readable silhouette, PBR, game-ready topology, no copyrighted logos",silhouette / UV / normals / scale / pivot / LOD / material slots / mobile GPU budget
AS014,Hero_Base,H014,霧歩のシオ,18000,0.55,0.25,2048,True,"original VELSTRIA fantasy game asset, 霧歩のシオ, stylized competitive MOBA, readable silhouette, PBR, game-ready topology, no copyrighted logos",silhouette / UV / normals / scale / pivot / LOD / material slots / mobile GPU budget
AS015,Hero_Base,H015,戦鐘のヴァルカ,18000,0.55,0.25,2048,True,"original VELSTRIA fantasy game asset, 戦鐘のヴァルカ, stylized competitive MOBA, readable silhouette, PBR, game-ready topology, no copyrighted logos",silhouette / UV / normals / scale / pivot / LOD / material slots / mobile GPU budget
AS016,Hero_Base,H016,白環のイリス,18000,0.55,0.25,2048,True,"original VELSTRIA fantasy game asset, 白環のイリス, stylized competitive MOBA, readable silhouette, PBR, game-ready topology, no copyrighted logos",silhouette / UV / normals / scale / pivot / LOD / material slots / mobile GPU budget
AS017,Hero_Base,H017,深淵鎖のモルド,18000,0.55,0.25,2048,True,"original VELSTRIA fantasy game asset, 深淵鎖のモルド, stylized competitive MOBA, readable silhouette, PBR, game-ready topology, no copyrighted logos",silhouette / UV / normals / scale / pivot / LOD / material slots / mobile GPU budget
AS018,Hero_Base,H018,花星のセリア,18000,0.55,0.25,2048,True,"original VELSTRIA fantasy game asset, 花星のセリア, stylized competitive MOBA, readable silhouette, PBR, game-ready topology, no copyrighted logos",silhouette / UV / normals / scale / pivot / LOD / material slots / mobile GPU budget
AS019,Hero_Base,H019,砦砕のブラム,18000,0.55,0.25,2048,True,"original VELSTRIA fantasy game asset, 砦砕のブラム, stylized competitive MOBA, readable silhouette, PBR, game-ready topology, no copyrighted logos",silhouette / UV / normals / scale / pivot / LOD / material slots / mobile GPU budget
AS020,Hero_Base,H020,光矢のユナ,18000,0.55,0.25,2048,True,"original VELSTRIA fantasy game asset, 光矢のユナ, stylized competitive MOBA, readable silhouette, PBR, game-ready topology, no copyrighted logos",silhouette / UV / normals / scale / pivot / LOD / material slots / mobile GPU budget
AS021,Hero_Base,H021,時砂のキロス,18000,0.55,0.25,2048,True,"original VELSTRIA fantasy game asset, 時砂のキロス, stylized competitive MOBA, readable silhouette, PBR, game-ready topology, no copyrighted logos",silhouette / UV / normals / scale / pivot / LOD / material slots / mobile GPU budget
AS022,Hero_Base,H022,蒼爪のレア,18000,0.55,0.25,2048,True,"original VELSTRIA fantasy game asset, 蒼爪のレア, stylized competitive MOBA, readable silhouette, PBR, game-ready topology, no copyrighted logos",silhouette / UV / normals / scale / pivot / LOD / material slots / mobile GPU budget
AS023,Hero_Base,H023,雷槍のトレン,18000,0.55,0.25,2048,True,"original VELSTRIA fantasy game asset, 雷槍のトレン, stylized competitive MOBA, readable silhouette, PBR, game-ready topology, no copyrighted logos",silhouette / UV / normals / scale / pivot / LOD / material slots / mobile GPU budget
AS024,Hero_Base,H024,夢織のノア,18000,0.55,0.25,2048,True,"original VELSTRIA fantasy game asset, 夢織のノア, stylized competitive MOBA, readable silhouette, PBR, game-ready topology, no copyrighted logos",silhouette / UV / normals / scale / pivot / LOD / material slots / mobile GPU budget
AS025,Hero_Skin,H001,城門の誓衛アルデン スキン1,18000,0.55,0.25,2048,True,"original VELSTRIA fantasy game asset, 城門の誓衛アルデン スキン1, stylized competitive MOBA, readable silhouette, PBR, game-ready topology, no copyrighted logos",silhouette / UV / normals / scale / pivot / LOD / material slots / mobile GPU budget
AS026,Hero_Skin,H002,星弦のリラ スキン1,18000,0.55,0.25,2048,True,"original VELSTRIA fantasy game asset, 星弦のリラ スキン1, stylized competitive MOBA, readable silhouette, PBR, game-ready topology, no copyrighted logos",silhouette / UV / normals / scale / pivot / LOD / material slots / mobile GPU budget
AS027,Hero_Skin,H003,灰刃のカエル スキン1,18000,0.55,0.25,2048,True,"original VELSTRIA fantasy game asset, 灰刃のカエル スキン1, stylized competitive MOBA, readable silhouette, PBR, game-ready topology, no copyrighted logos",silhouette / UV / normals / scale / pivot / LOD / material slots / mobile GPU budget
AS028,Hero_Skin,H004,潮祈のミレア スキン1,18000,0.55,0.25,2048,True,"original VELSTRIA fantasy game asset, 潮祈のミレア スキン1, stylized competitive MOBA, readable silhouette, PBR, game-ready topology, no copyrighted logos",silhouette / UV / normals / scale / pivot / LOD / material slots / mobile GPU budget
AS029,Hero_Skin,H005,黒雷のヴォス スキン1,18000,0.55,0.25,2048,True,"original VELSTRIA fantasy game asset, 黒雷のヴォス スキン1, stylized competitive MOBA, readable silhouette, PBR, game-ready topology, no copyrighted logos",silhouette / UV / normals / scale / pivot / LOD / material slots / mobile GPU budget
AS030,Hero_Skin,H006,月灯のセレン スキン1,18000,0.55,0.25,2048,True,"original VELSTRIA fantasy game asset, 月灯のセレン スキン1, stylized competitive MOBA, readable silhouette, PBR, game-ready topology, no copyrighted logos",silhouette / UV / normals / scale / pivot / LOD / material slots / mobile GPU budget
AS031,Hero_Skin,H007,岩脈のガルク スキン1,18000,0.55,0.25,2048,True,"original VELSTRIA fantasy game asset, 岩脈のガルク スキン1, stylized competitive MOBA, readable silhouette, PBR, game-ready topology, no copyrighted logos",silhouette / UV / normals / scale / pivot / LOD / material slots / mobile GPU budget
AS032,Hero_Skin,H008,風標のニア スキン1,18000,0.55,0.25,2048,True,"original VELSTRIA fantasy game asset, 風標のニア スキン1, stylized competitive MOBA, readable silhouette, PBR, game-ready topology, no copyrighted logos",silhouette / UV / normals / scale / pivot / LOD / material slots / mobile GPU budget
AS033,Hero_Skin,H009,機巧士オリン スキン1,18000,0.55,0.25,2048,True,"original VELSTRIA fantasy game asset, 機巧士オリン スキン1, stylized competitive MOBA, readable silhouette, PBR, game-ready topology, no copyrighted logos",silhouette / UV / normals / scale / pivot / LOD / material slots / mobile GPU budget
AS034,Hero_Skin,H010,焔冠のテッサ スキン1,18000,0.55,0.25,2048,True,"original VELSTRIA fantasy game asset, 焔冠のテッサ スキン1, stylized competitive MOBA, readable silhouette, PBR, game-ready topology, no copyrighted logos",silhouette / UV / normals / scale / pivot / LOD / material slots / mobile GPU budget
AS035,Hero_Skin,H011,鉄翼のルーク スキン1,18000,0.55,0.25,2048,True,"original VELSTRIA fantasy game asset, 鉄翼のルーク スキン1, stylized competitive MOBA, readable silhouette, PBR, game-ready topology, no copyrighted logos",silhouette / UV / normals / scale / pivot / LOD / material slots / mobile GPU budget
AS036,Hero_Skin,H012,玻璃歌のエリネ スキン1,18000,0.55,0.25,2048,True,"original VELSTRIA fantasy game asset, 玻璃歌のエリネ スキン1, stylized competitive MOBA, readable silhouette, PBR, game-ready topology, no copyrighted logos",silhouette / UV / normals / scale / pivot / LOD / material slots / mobile GPU budget
AS037,Hero_Skin,H013,獣刻のダガン スキン1,18000,0.55,0.25,2048,True,"original VELSTRIA fantasy game asset, 獣刻のダガン スキン1, stylized competitive MOBA, readable silhouette, PBR, game-ready topology, no copyrighted logos",silhouette / UV / normals / scale / pivot / LOD / material slots / mobile GPU budget
AS038,Hero_Skin,H014,霧歩のシオ スキン1,18000,0.55,0.25,2048,True,"original VELSTRIA fantasy game asset, 霧歩のシオ スキン1, stylized competitive MOBA, readable silhouette, PBR, game-ready topology, no copyrighted logos",silhouette / UV / normals / scale / pivot / LOD / material slots / mobile GPU budget
AS039,Hero_Skin,H015,戦鐘のヴァルカ スキン1,18000,0.55,0.25,2048,True,"original VELSTRIA fantasy game asset, 戦鐘のヴァルカ スキン1, stylized competitive MOBA, readable silhouette, PBR, game-ready topology, no copyrighted logos",silhouette / UV / normals / scale / pivot / LOD / material slots / mobile GPU budget
AS040,Hero_Skin,H016,白環のイリス スキン1,18000,0.55,0.25,2048,True,"original VELSTRIA fantasy game asset, 白環のイリス スキン1, stylized competitive MOBA, readable silhouette, PBR, game-ready topology, no copyrighted logos",silhouette / UV / normals / scale / pivot / LOD / material slots / mobile GPU budget
AS041,Hero_Skin,H017,深淵鎖のモルド スキン1,18000,0.55,0.25,2048,True,"original VELSTRIA fantasy game asset, 深淵鎖のモルド スキン1, stylized competitive MOBA, readable silhouette, PBR, game-ready topology, no copyrighted logos",silhouette / UV / normals / scale / pivot / LOD / material slots / mobile GPU budget
AS042,Hero_Skin,H018,花星のセリア スキン1,18000,0.55,0.25,2048,True,"original VELSTRIA fantasy game asset, 花星のセリア スキン1, stylized competitive MOBA, readable silhouette, PBR, game-ready topology, no copyrighted logos",silhouette / UV / normals / scale / pivot / LOD / material slots / mobile GPU budget
AS043,Hero_Skin,H019,砦砕のブラム スキン1,18000,0.55,0.25,2048,True,"original VELSTRIA fantasy game asset, 砦砕のブラム スキン1, stylized competitive MOBA, readable silhouette, PBR, game-ready topology, no copyrighted logos",silhouette / UV / normals / scale / pivot / LOD / material slots / mobile GPU budget
AS044,Hero_Skin,H020,光矢のユナ スキン1,18000,0.55,0.25,2048,True,"original VELSTRIA fantasy game asset, 光矢のユナ スキン1, stylized competitive MOBA, readable silhouette, PBR, game-ready topology, no copyrighted logos",silhouette / UV / normals / scale / pivot / LOD / material slots / mobile GPU budget
AS045,Hero_Skin,H021,時砂のキロス スキン1,18000,0.55,0.25,2048,True,"original VELSTRIA fantasy game asset, 時砂のキロス スキン1, stylized competitive MOBA, readable silhouette, PBR, game-ready topology, no copyrighted logos",silhouette / UV / normals / scale / pivot / LOD / material slots / mobile GPU budget
AS046,Hero_Skin,H022,蒼爪のレア スキン1,18000,0.55,0.25,2048,True,"original VELSTRIA fantasy game asset, 蒼爪のレア スキン1, stylized competitive MOBA, readable silhouette, PBR, game-ready topology, no copyrighted logos",silhouette / UV / normals / scale / pivot / LOD / material slots / mobile GPU budget
AS047,Hero_Skin,H023,雷槍のトレン スキン1,18000,0.55,0.25,2048,True,"original VELSTRIA fantasy game asset, 雷槍のトレン スキン1, stylized competitive MOBA, readable silhouette, PBR, game-ready topology, no copyrighted logos",silhouette / UV / normals / scale / pivot / LOD / material slots / mobile GPU budget
AS048,Hero_Skin,H024,夢織のノア スキン1,18000,0.55,0.25,2048,True,"original VELSTRIA fantasy game asset, 夢織のノア スキン1, stylized competitive MOBA, readable silhouette, PBR, game-ready topology, no copyrighted logos",silhouette / UV / normals / scale / pivot / LOD / material slots / mobile GPU budget
AS049,Hero_Skin,H001,城門の誓衛アルデン スキン2,18000,0.55,0.25,2048,True,"original VELSTRIA fantasy game asset, 城門の誓衛アルデン スキン2, stylized competitive MOBA, readable silhouette, PBR, game-ready topology, no copyrighted logos",silhouette / UV / normals / scale / pivot / LOD / material slots / mobile GPU budget
AS050,Hero_Skin,H002,星弦のリラ スキン2,18000,0.55,0.25,2048,True,"original VELSTRIA fantasy game asset, 星弦のリラ スキン2, stylized competitive MOBA, readable silhouette, PBR, game-ready topology, no copyrighted logos",silhouette / UV / normals / scale / pivot / LOD / material slots / mobile GPU budget
AS051,Hero_Skin,H003,灰刃のカエル スキン2,18000,0.55,0.25,2048,True,"original VELSTRIA fantasy game asset, 灰刃のカエル スキン2, stylized competitive MOBA, readable silhouette, PBR, game-ready topology, no copyrighted logos",silhouette / UV / normals / scale / pivot / LOD / material slots / mobile GPU budget
AS052,Hero_Skin,H004,潮祈のミレア スキン2,18000,0.55,0.25,2048,True,"original VELSTRIA fantasy game asset, 潮祈のミレア スキン2, stylized competitive MOBA, readable silhouette, PBR, game-ready topology, no copyrighted logos",silhouette / UV / normals / scale / pivot / LOD / material slots / mobile GPU budget
AS053,Hero_Skin,H005,黒雷のヴォス スキン2,18000,0.55,0.25,2048,True,"original VELSTRIA fantasy game asset, 黒雷のヴォス スキン2, stylized competitive MOBA, readable silhouette, PBR, game-ready topology, no copyrighted logos",silhouette / UV / normals / scale / pivot / LOD / material slots / mobile GPU budget
AS054,Hero_Skin,H006,月灯のセレン スキン2,18000,0.55,0.25,2048,True,"original VELSTRIA fantasy game asset, 月灯のセレン スキン2, stylized competitive MOBA, readable silhouette, PBR, game-ready topology, no copyrighted logos",silhouette / UV / normals / scale / pivot / LOD / material slots / mobile GPU budget
AS055,Hero_Skin,H007,岩脈のガルク スキン2,18000,0.55,0.25,2048,True,"original VELSTRIA fantasy game asset, 岩脈のガルク スキン2, stylized competitive MOBA, readable silhouette, PBR, game-ready topology, no copyrighted logos",silhouette / UV / normals / scale / pivot / LOD / material slots / mobile GPU budget
AS056,Hero_Skin,H008,風標のニア スキン2,18000,0.55,0.25,2048,True,"original VELSTRIA fantasy game asset, 風標のニア スキン2, stylized competitive MOBA, readable silhouette, PBR, game-ready topology, no copyrighted logos",silhouette / UV / normals / scale / pivot / LOD / material slots / mobile GPU budget
AS057,Hero_Skin,H009,機巧士オリン スキン2,18000,0.55,0.25,2048,True,"original VELSTRIA fantasy game asset, 機巧士オリン スキン2, stylized competitive MOBA, readable silhouette, PBR, game-ready topology, no copyrighted logos",silhouette / UV / normals / scale / pivot / LOD / material slots / mobile GPU budget
AS058,Hero_Skin,H010,焔冠のテッサ スキン2,18000,0.55,0.25,2048,True,"original VELSTRIA fantasy game asset, 焔冠のテッサ スキン2, stylized competitive MOBA, readable silhouette, PBR, game-ready topology, no copyrighted logos",silhouette / UV / normals / scale / pivot / LOD / material slots / mobile GPU budget
AS059,Hero_Skin,H011,鉄翼のルーク スキン2,18000,0.55,0.25,2048,True,"original VELSTRIA fantasy game asset, 鉄翼のルーク スキン2, stylized competitive MOBA, readable silhouette, PBR, game-ready topology, no copyrighted logos",silhouette / UV / normals / scale / pivot / LOD / material slots / mobile GPU budget
AS060,Hero_Skin,H012,玻璃歌のエリネ スキン2,18000,0.55,0.25,2048,True,"original VELSTRIA fantasy game asset, 玻璃歌のエリネ スキン2, stylized competitive MOBA, readable silhouette, PBR, game-ready topology, no copyrighted logos",silhouette / UV / normals / scale / pivot / LOD / material slots / mobile GPU budget
AS061,Hero_Skin,H013,獣刻のダガン スキン2,18000,0.55,0.25,2048,True,"original VELSTRIA fantasy game asset, 獣刻のダガン スキン2, stylized competitive MOBA, readable silhouette, PBR, game-ready topology, no copyrighted logos",silhouette / UV / normals / scale / pivot / LOD / material slots / mobile GPU budget
AS062,Hero_Skin,H014,霧歩のシオ スキン2,18000,0.55,0.25,2048,True,"original VELSTRIA fantasy game asset, 霧歩のシオ スキン2, stylized competitive MOBA, readable silhouette, PBR, game-ready topology, no copyrighted logos",silhouette / UV / normals / scale / pivot / LOD / material slots / mobile GPU budget
AS063,Hero_Skin,H015,戦鐘のヴァルカ スキン2,18000,0.55,0.25,2048,True,"original VELSTRIA fantasy game asset, 戦鐘のヴァルカ スキン2, stylized competitive MOBA, readable silhouette, PBR, game-ready topology, no copyrighted logos",silhouette / UV / normals / scale / pivot / LOD / material slots / mobile GPU budget
AS064,Hero_Skin,H016,白環のイリス スキン2,18000,0.55,0.25,2048,True,"original VELSTRIA fantasy game asset, 白環のイリス スキン2, stylized competitive MOBA, readable silhouette, PBR, game-ready topology, no copyrighted logos",silhouette / UV / normals / scale / pivot / LOD / material slots / mobile GPU budget
AS065,Hero_Skin,H017,深淵鎖のモルド スキン2,18000,0.55,0.25,2048,True,"original VELSTRIA fantasy game asset, 深淵鎖のモルド スキン2, stylized competitive MOBA, readable silhouette, PBR, game-ready topology, no copyrighted logos",silhouette / UV / normals / scale / pivot / LOD / material slots / mobile GPU budget
AS066,Hero_Skin,H018,花星のセリア スキン2,18000,0.55,0.25,2048,True,"original VELSTRIA fantasy game asset, 花星のセリア スキン2, stylized competitive MOBA, readable silhouette, PBR, game-ready topology, no copyrighted logos",silhouette / UV / normals / scale / pivot / LOD / material slots / mobile GPU budget
AS067,Hero_Skin,H019,砦砕のブラム スキン2,18000,0.55,0.25,2048,True,"original VELSTRIA fantasy game asset, 砦砕のブラム スキン2, stylized competitive MOBA, readable silhouette, PBR, game-ready topology, no copyrighted logos",silhouette / UV / normals / scale / pivot / LOD / material slots / mobile GPU budget
AS068,Hero_Skin,H020,光矢のユナ スキン2,18000,0.55,0.25,2048,True,"original VELSTRIA fantasy game asset, 光矢のユナ スキン2, stylized competitive MOBA, readable silhouette, PBR, game-ready topology, no copyrighted logos",silhouette / UV / normals / scale / pivot / LOD / material slots / mobile GPU budget
AS069,Hero_Skin,H021,時砂のキロス スキン2,18000,0.55,0.25,2048,True,"original VELSTRIA fantasy game asset, 時砂のキロス スキン2, stylized competitive MOBA, readable silhouette, PBR, game-ready topology, no copyrighted logos",silhouette / UV / normals / scale / pivot / LOD / material slots / mobile GPU budget
AS070,Hero_Skin,H022,蒼爪のレア スキン2,18000,0.55,0.25,2048,True,"original VELSTRIA fantasy game asset, 蒼爪のレア スキン2, stylized competitive MOBA, readable silhouette, PBR, game-ready topology, no copyrighted logos",silhouette / UV / normals / scale / pivot / LOD / material slots / mobile GPU budget
AS071,Hero_Skin,H023,雷槍のトレン スキン2,18000,0.55,0.25,2048,True,"original VELSTRIA fantasy game asset, 雷槍のトレン スキン2, stylized competitive MOBA, readable silhouette, PBR, game-ready topology, no copyrighted logos",silhouette / UV / normals / scale / pivot / LOD / material slots / mobile GPU budget
AS072,Hero_Skin,H024,夢織のノア スキン2,18000,0.55,0.25,2048,True,"original VELSTRIA fantasy game asset, 夢織のノア スキン2, stylized competitive MOBA, readable silhouette, PBR, game-ready topology, no copyrighted logos",silhouette / UV / normals / scale / pivot / LOD / material slots / mobile GPU budget
AS073,Equipment_Icon3D,EQ001,黎明の短剣・01,2500,0.55,0.25,1024,False,"original VELSTRIA fantasy game asset, 黎明の短剣・01, stylized competitive MOBA, readable silhouette, PBR, game-ready topology, no copyrighted logos",silhouette / UV / normals / scale / pivot / LOD / material slots / mobile GPU budget
AS074,Equipment_Icon3D,EQ002,残響の長剣・02,2500,0.55,0.25,1024,False,"original VELSTRIA fantasy game asset, 残響の長剣・02, stylized competitive MOBA, readable silhouette, PBR, game-ready topology, no copyrighted logos",silhouette / UV / normals / scale / pivot / LOD / material slots / mobile GPU budget
AS075,Equipment_Icon3D,EQ003,星鉄の弓・03,2500,0.55,0.25,1024,False,"original VELSTRIA fantasy game asset, 星鉄の弓・03, stylized competitive MOBA, readable silhouette, PBR, game-ready topology, no copyrighted logos",silhouette / UV / normals / scale / pivot / LOD / material slots / mobile GPU budget
AS076,Equipment_Icon3D,EQ004,深海の杖・04,2500,0.55,0.25,1024,False,"original VELSTRIA fantasy game asset, 深海の杖・04, stylized competitive MOBA, readable silhouette, PBR, game-ready topology, no copyrighted logos",silhouette / UV / normals / scale / pivot / LOD / material slots / mobile GPU budget
AS077,Equipment_Icon3D,EQ005,烈火の護符・05,2500,0.55,0.25,1024,False,"original VELSTRIA fantasy game asset, 烈火の護符・05, stylized competitive MOBA, readable silhouette, PBR, game-ready topology, no copyrighted logos",silhouette / UV / normals / scale / pivot / LOD / material slots / mobile GPU budget
AS078,Equipment_Icon3D,EQ006,静謐の鎧・06,2500,0.55,0.25,1024,False,"original VELSTRIA fantasy game asset, 静謐の鎧・06, stylized competitive MOBA, readable silhouette, PBR, game-ready topology, no copyrighted logos",silhouette / UV / normals / scale / pivot / LOD / material slots / mobile GPU budget
AS079,Equipment_Icon3D,EQ007,雷鳴の短剣・07,2500,0.55,0.25,1024,False,"original VELSTRIA fantasy game asset, 雷鳴の短剣・07, stylized competitive MOBA, readable silhouette, PBR, game-ready topology, no copyrighted logos",silhouette / UV / normals / scale / pivot / LOD / material slots / mobile GPU budget
AS080,Equipment_Icon3D,EQ008,月影の長剣・08,2500,0.55,0.25,1024,False,"original VELSTRIA fantasy game asset, 月影の長剣・08, stylized competitive MOBA, readable silhouette, PBR, game-ready topology, no copyrighted logos",silhouette / UV / normals / scale / pivot / LOD / material slots / mobile GPU budget
AS081,Equipment_Icon3D,EQ009,守護の弓・09,2500,0.55,0.25,1024,False,"original VELSTRIA fantasy game asset, 守護の弓・09, stylized competitive MOBA, readable silhouette, PBR, game-ready topology, no copyrighted logos",silhouette / UV / normals / scale / pivot / LOD / material slots / mobile GPU budget
AS082,Equipment_Icon3D,EQ010,疾風の杖・10,2500,0.55,0.25,1024,False,"original VELSTRIA fantasy game asset, 疾風の杖・10, stylized competitive MOBA, readable silhouette, PBR, game-ready topology, no copyrighted logos",silhouette / UV / normals / scale / pivot / LOD / material slots / mobile GPU budget
AS083,Equipment_Icon3D,EQ011,霊樹の護符・11,2500,0.55,0.25,1024,False,"original VELSTRIA fantasy game asset, 霊樹の護符・11, stylized competitive MOBA, readable silhouette, PBR, game-ready topology, no copyrighted logos",silhouette / UV / normals / scale / pivot / LOD / material slots / mobile GPU budget
AS084,Equipment_Icon3D,EQ012,虚空の鎧・12,2500,0.55,0.25,1024,False,"original VELSTRIA fantasy game asset, 虚空の鎧・12, stylized competitive MOBA, readable silhouette, PBR, game-ready topology, no copyrighted logos",silhouette / UV / normals / scale / pivot / LOD / material slots / mobile GPU budget
AS085,Equipment_Icon3D,EQ013,黎明の短剣・13,2500,0.55,0.25,1024,False,"original VELSTRIA fantasy game asset, 黎明の短剣・13, stylized competitive MOBA, readable silhouette, PBR, game-ready topology, no copyrighted logos",silhouette / UV / normals / scale / pivot / LOD / material slots / mobile GPU budget
AS086,Equipment_Icon3D,EQ014,残響の長剣・14,2500,0.55,0.25,1024,False,"original VELSTRIA fantasy game asset, 残響の長剣・14, stylized competitive MOBA, readable silhouette, PBR, game-ready topology, no copyrighted logos",silhouette / UV / normals / scale / pivot / LOD / material slots / mobile GPU budget
AS087,Equipment_Icon3D,EQ015,星鉄の弓・15,2500,0.55,0.25,1024,False,"original VELSTRIA fantasy game asset, 星鉄の弓・15, stylized competitive MOBA, readable silhouette, PBR, game-ready topology, no copyrighted logos",silhouette / UV / normals / scale / pivot / LOD / material slots / mobile GPU budget
AS088,Equipment_Icon3D,EQ016,深海の杖・16,2500,0.55,0.25,1024,False,"original VELSTRIA fantasy game asset, 深海の杖・16, stylized competitive MOBA, readable silhouette, PBR, game-ready topology, no copyrighted logos",silhouette / UV / normals / scale / pivot / LOD / material slots / mobile GPU budget
AS089,Equipment_Icon3D,EQ017,烈火の護符・17,2500,0.55,0.25,1024,False,"original VELSTRIA fantasy game asset, 烈火の護符・17, stylized competitive MOBA, readable silhouette, PBR, game-ready topology, no copyrighted logos",silhouette / UV / normals / scale / pivot / LOD / material slots / mobile GPU budget
AS090,Equipment_Icon3D,EQ018,静謐の鎧・18,2500,0.55,0.25,1024,False,"original VELSTRIA fantasy game asset, 静謐の鎧・18, stylized competitive MOBA, readable silhouette, PBR, game-ready topology, no copyrighted logos",silhouette / UV / normals / scale / pivot / LOD / material slots / mobile GPU budget
AS091,Equipment_Icon3D,EQ019,雷鳴の短剣・19,2500,0.55,0.25,1024,False,"original VELSTRIA fantasy game asset, 雷鳴の短剣・19, stylized competitive MOBA, readable silhouette, PBR, game-ready topology, no copyrighted logos",silhouette / UV / normals / scale / pivot / LOD / material slots / mobile GPU budget
AS092,Equipment_Icon3D,EQ020,月影の長剣・20,2500,0.55,0.25,1024,False,"original VELSTRIA fantasy game asset, 月影の長剣・20, stylized competitive MOBA, readable silhouette, PBR, game-ready topology, no copyrighted logos",silhouette / UV / normals / scale / pivot / LOD / material slots / mobile GPU budget
AS093,Equipment_Icon3D,EQ021,守護の弓・21,2500,0.55,0.25,1024,False,"original VELSTRIA fantasy game asset, 守護の弓・21, stylized competitive MOBA, readable silhouette, PBR, game-ready topology, no copyrighted logos",silhouette / UV / normals / scale / pivot / LOD / material slots / mobile GPU budget
AS094,Equipment_Icon3D,EQ022,疾風の杖・22,2500,0.55,0.25,1024,False,"original VELSTRIA fantasy game asset, 疾風の杖・22, stylized competitive MOBA, readable silhouette, PBR, game-ready topology, no copyrighted logos",silhouette / UV / normals / scale / pivot / LOD / material slots / mobile GPU budget
AS095,Equipment_Icon3D,EQ023,霊樹の護符・23,2500,0.55,0.25,1024,False,"original VELSTRIA fantasy game asset, 霊樹の護符・23, stylized competitive MOBA, readable silhouette, PBR, game-ready topology, no copyrighted logos",silhouette / UV / normals / scale / pivot / LOD / material slots / mobile GPU budget
AS096,Equipment_Icon3D,EQ024,虚空の鎧・24,2500,0.55,0.25,1024,False,"original VELSTRIA fantasy game asset, 虚空の鎧・24, stylized competitive MOBA, readable silhouette, PBR, game-ready topology, no copyrighted logos",silhouette / UV / normals / scale / pivot / LOD / material slots / mobile GPU budget
AS097,Equipment_Icon3D,EQ025,黎明の短剣・25,2500,0.55,0.25,1024,False,"original VELSTRIA fantasy game asset, 黎明の短剣・25, stylized competitive MOBA, readable silhouette, PBR, game-ready topology, no copyrighted logos",silhouette / UV / normals / scale / pivot / LOD / material slots / mobile GPU budget
AS098,Equipment_Icon3D,EQ026,残響の長剣・26,2500,0.55,0.25,1024,False,"original VELSTRIA fantasy game asset, 残響の長剣・26, stylized competitive MOBA, readable silhouette, PBR, game-ready topology, no copyrighted logos",silhouette / UV / normals / scale / pivot / LOD / material slots / mobile GPU budget
AS099,Equipment_Icon3D,EQ027,星鉄の弓・27,2500,0.55,0.25,1024,False,"original VELSTRIA fantasy game asset, 星鉄の弓・27, stylized competitive MOBA, readable silhouette, PBR, game-ready topology, no copyrighted logos",silhouette / UV / normals / scale / pivot / LOD / material slots / mobile GPU budget
AS100,Equipment_Icon3D,EQ028,深海の杖・28,2500,0.55,0.25,1024,False,"original VELSTRIA fantasy game asset, 深海の杖・28, stylized competitive MOBA, readable silhouette, PBR, game-ready topology, no copyrighted logos",silhouette / UV / normals / scale / pivot / LOD / material slots / mobile GPU budget
AS101,Equipment_Icon3D,EQ029,烈火の護符・29,2500,0.55,0.25,1024,False,"original VELSTRIA fantasy game asset, 烈火の護符・29, stylized competitive MOBA, readable silhouette, PBR, game-ready topology, no copyrighted logos",silhouette / UV / normals / scale / pivot / LOD / material slots / mobile GPU budget
AS102,Equipment_Icon3D,EQ030,静謐の鎧・30,2500,0.55,0.25,1024,False,"original VELSTRIA fantasy game asset, 静謐の鎧・30, stylized competitive MOBA, readable silhouette, PBR, game-ready topology, no copyrighted logos",silhouette / UV / normals / scale / pivot / LOD / material slots / mobile GPU budget
AS103,Equipment_Icon3D,EQ031,雷鳴の短剣・31,2500,0.55,0.25,1024,False,"original VELSTRIA fantasy game asset, 雷鳴の短剣・31, stylized competitive MOBA, readable silhouette, PBR, game-ready topology, no copyrighted logos",silhouette / UV / normals / scale / pivot / LOD / material slots / mobile GPU budget
AS104,Equipment_Icon3D,EQ032,月影の長剣・32,2500,0.55,0.25,1024,False,"original VELSTRIA fantasy game asset, 月影の長剣・32, stylized competitive MOBA, readable silhouette, PBR, game-ready topology, no copyrighted logos",silhouette / UV / normals / scale / pivot / LOD / material slots / mobile GPU budget
AS105,Equipment_Icon3D,EQ033,守護の弓・33,2500,0.55,0.25,1024,False,"original VELSTRIA fantasy game asset, 守護の弓・33, stylized competitive MOBA, readable silhouette, PBR, game-ready topology, no copyrighted logos",silhouette / UV / normals / scale / pivot / LOD / material slots / mobile GPU budget
AS106,Equipment_Icon3D,EQ034,疾風の杖・34,2500,0.55,0.25,1024,False,"original VELSTRIA fantasy game asset, 疾風の杖・34, stylized competitive MOBA, readable silhouette, PBR, game-ready topology, no copyrighted logos",silhouette / UV / normals / scale / pivot / LOD / material slots / mobile GPU budget
AS107,Equipment_Icon3D,EQ035,霊樹の護符・35,2500,0.55,0.25,1024,False,"original VELSTRIA fantasy game asset, 霊樹の護符・35, stylized competitive MOBA, readable silhouette, PBR, game-ready topology, no copyrighted logos",silhouette / UV / normals / scale / pivot / LOD / material slots / mobile GPU budget
AS108,Equipment_Icon3D,EQ036,虚空の鎧・36,2500,0.55,0.25,1024,False,"original VELSTRIA fantasy game asset, 虚空の鎧・36, stylized competitive MOBA, readable silhouette, PBR, game-ready topology, no copyrighted logos",silhouette / UV / normals / scale / pivot / LOD / material slots / mobile GPU budget
AS109,Equipment_Icon3D,EQ037,黎明の短剣・37,2500,0.55,0.25,1024,False,"original VELSTRIA fantasy game asset, 黎明の短剣・37, stylized competitive MOBA, readable silhouette, PBR, game-ready topology, no copyrighted logos",silhouette / UV / normals / scale / pivot / LOD / material slots / mobile GPU budget
AS110,Equipment_Icon3D,EQ038,残響の長剣・38,2500,0.55,0.25,1024,False,"original VELSTRIA fantasy game asset, 残響の長剣・38, stylized competitive MOBA, readable silhouette, PBR, game-ready topology, no copyrighted logos",silhouette / UV / normals / scale / pivot / LOD / material slots / mobile GPU budget
AS111,Equipment_Icon3D,EQ039,星鉄の弓・39,2500,0.55,0.25,1024,False,"original VELSTRIA fantasy game asset, 星鉄の弓・39, stylized competitive MOBA, readable silhouette, PBR, game-ready topology, no copyrighted logos",silhouette / UV / normals / scale / pivot / LOD / material slots / mobile GPU budget
AS112,Equipment_Icon3D,EQ040,深海の杖・40,2500,0.55,0.25,1024,False,"original VELSTRIA fantasy game asset, 深海の杖・40, stylized competitive MOBA, readable silhouette, PBR, game-ready topology, no copyrighted logos",silhouette / UV / normals / scale / pivot / LOD / material slots / mobile GPU budget
AS113,Equipment_Icon3D,EQ041,烈火の護符・41,2500,0.55,0.25,1024,False,"original VELSTRIA fantasy game asset, 烈火の護符・41, stylized competitive MOBA, readable silhouette, PBR, game-ready topology, no copyrighted logos",silhouette / UV / normals / scale / pivot / LOD / material slots / mobile GPU budget
AS114,Equipment_Icon3D,EQ042,静謐の鎧・42,2500,0.55,0.25,1024,False,"original VELSTRIA fantasy game asset, 静謐の鎧・42, stylized competitive MOBA, readable silhouette, PBR, game-ready topology, no copyrighted logos",silhouette / UV / normals / scale / pivot / LOD / material slots / mobile GPU budget
AS115,Equipment_Icon3D,EQ043,帰還核の護符,2500,0.55,0.25,1024,False,"original VELSTRIA fantasy game asset, 帰還核の護符, stylized competitive MOBA, readable silhouette, PBR, game-ready topology, no copyrighted logos",silhouette / UV / normals / scale / pivot / LOD / material slots / mobile GPU budget
AS116,Equipment_Icon3D,EQ044,月影の長剣・44,2500,0.55,0.25,1024,False,"original VELSTRIA fantasy game asset, 月影の長剣・44, stylized competitive MOBA, readable silhouette, PBR, game-ready topology, no copyrighted logos",silhouette / UV / normals / scale / pivot / LOD / material slots / mobile GPU budget
AS117,Equipment_Icon3D,EQ045,守護の弓・45,2500,0.55,0.25,1024,False,"original VELSTRIA fantasy game asset, 守護の弓・45, stylized competitive MOBA, readable silhouette, PBR, game-ready topology, no copyrighted logos",silhouette / UV / normals / scale / pivot / LOD / material slots / mobile GPU budget
AS118,Equipment_Icon3D,EQ046,疾風の杖・46,2500,0.55,0.25,1024,False,"original VELSTRIA fantasy game asset, 疾風の杖・46, stylized competitive MOBA, readable silhouette, PBR, game-ready topology, no copyrighted logos",silhouette / UV / normals / scale / pivot / LOD / material slots / mobile GPU budget
AS119,Equipment_Icon3D,EQ047,霊樹の護符・47,2500,0.55,0.25,1024,False,"original VELSTRIA fantasy game asset, 霊樹の護符・47, stylized competitive MOBA, readable silhouette, PBR, game-ready topology, no copyrighted logos",silhouette / UV / normals / scale / pivot / LOD / material slots / mobile GPU budget
AS120,Equipment_Icon3D,EQ048,虚空の鎧・48,2500,0.55,0.25,1024,False,"original VELSTRIA fantasy game asset, 虚空の鎧・48, stylized competitive MOBA, readable silhouette, PBR, game-ready topology, no copyrighted logos",silhouette / UV / normals / scale / pivot / LOD / material slots / mobile GPU budget
AS121,Equipment_Icon3D,EQ049,黎明の短剣・49,2500,0.55,0.25,1024,False,"original VELSTRIA fantasy game asset, 黎明の短剣・49, stylized competitive MOBA, readable silhouette, PBR, game-ready topology, no copyrighted logos",silhouette / UV / normals / scale / pivot / LOD / material slots / mobile GPU budget
AS122,Equipment_Icon3D,EQ050,残響の長剣・50,2500,0.55,0.25,1024,False,"original VELSTRIA fantasy game asset, 残響の長剣・50, stylized competitive MOBA, readable silhouette, PBR, game-ready topology, no copyrighted logos",silhouette / UV / normals / scale / pivot / LOD / material slots / mobile GPU budget
AS123,Equipment_Icon3D,EQ051,星鉄の弓・51,2500,0.55,0.25,1024,False,"original VELSTRIA fantasy game asset, 星鉄の弓・51, stylized competitive MOBA, readable silhouette, PBR, game-ready topology, no copyrighted logos",silhouette / UV / normals / scale / pivot / LOD / material slots / mobile GPU budget
AS124,Equipment_Icon3D,EQ052,深海の杖・52,2500,0.55,0.25,1024,False,"original VELSTRIA fantasy game asset, 深海の杖・52, stylized competitive MOBA, readable silhouette, PBR, game-ready topology, no copyrighted logos",silhouette / UV / normals / scale / pivot / LOD / material slots / mobile GPU budget
AS125,Equipment_Icon3D,EQ053,烈火の護符・53,2500,0.55,0.25,1024,False,"original VELSTRIA fantasy game asset, 烈火の護符・53, stylized competitive MOBA, readable silhouette, PBR, game-ready topology, no copyrighted logos",silhouette / UV / normals / scale / pivot / LOD / material slots / mobile GPU budget
AS126,Equipment_Icon3D,EQ054,静謐の鎧・54,2500,0.55,0.25,1024,False,"original VELSTRIA fantasy game asset, 静謐の鎧・54, stylized competitive MOBA, readable silhouette, PBR, game-ready topology, no copyrighted logos",silhouette / UV / normals / scale / pivot / LOD / material slots / mobile GPU budget
AS127,Equipment_Icon3D,EQ055,雷鳴の短剣・55,2500,0.55,0.25,1024,False,"original VELSTRIA fantasy game asset, 雷鳴の短剣・55, stylized competitive MOBA, readable silhouette, PBR, game-ready topology, no copyrighted logos",silhouette / UV / normals / scale / pivot / LOD / material slots / mobile GPU budget
AS128,Equipment_Icon3D,EQ056,月影の長剣・56,2500,0.55,0.25,1024,False,"original VELSTRIA fantasy game asset, 月影の長剣・56, stylized competitive MOBA, readable silhouette, PBR, game-ready topology, no copyrighted logos",silhouette / UV / normals / scale / pivot / LOD / material slots / mobile GPU budget
AS129,Equipment_Icon3D,EQ057,守護の弓・57,2500,0.55,0.25,1024,False,"original VELSTRIA fantasy game asset, 守護の弓・57, stylized competitive MOBA, readable silhouette, PBR, game-ready topology, no copyrighted logos",silhouette / UV / normals / scale / pivot / LOD / material slots / mobile GPU budget
AS130,Equipment_Icon3D,EQ058,疾風の杖・58,2500,0.55,0.25,1024,False,"original VELSTRIA fantasy game asset, 疾風の杖・58, stylized competitive MOBA, readable silhouette, PBR, game-ready topology, no copyrighted logos",silhouette / UV / normals / scale / pivot / LOD / material slots / mobile GPU budget
AS131,Equipment_Icon3D,EQ059,霊樹の護符・59,2500,0.55,0.25,1024,False,"original VELSTRIA fantasy game asset, 霊樹の護符・59, stylized competitive MOBA, readable silhouette, PBR, game-ready topology, no copyrighted logos",silhouette / UV / normals / scale / pivot / LOD / material slots / mobile GPU budget
AS132,Equipment_Icon3D,EQ060,虚空の鎧・60,2500,0.55,0.25,1024,False,"original VELSTRIA fantasy game asset, 虚空の鎧・60, stylized competitive MOBA, readable silhouette, PBR, game-ready topology, no copyrighted logos",silhouette / UV / normals / scale / pivot / LOD / material slots / mobile GPU budget
AS133,Equipment_Icon3D,EQ061,黎明の短剣・61,2500,0.55,0.25,1024,False,"original VELSTRIA fantasy game asset, 黎明の短剣・61, stylized competitive MOBA, readable silhouette, PBR, game-ready topology, no copyrighted logos",silhouette / UV / normals / scale / pivot / LOD / material slots / mobile GPU budget
AS134,Equipment_Icon3D,EQ062,残響の長剣・62,2500,0.55,0.25,1024,False,"original VELSTRIA fantasy game asset, 残響の長剣・62, stylized competitive MOBA, readable silhouette, PBR, game-ready topology, no copyrighted logos",silhouette / UV / normals / scale / pivot / LOD / material slots / mobile GPU budget
AS135,Equipment_Icon3D,EQ063,星鉄の弓・63,2500,0.55,0.25,1024,False,"original VELSTRIA fantasy game asset, 星鉄の弓・63, stylized competitive MOBA, readable silhouette, PBR, game-ready topology, no copyrighted logos",silhouette / UV / normals / scale / pivot / LOD / material slots / mobile GPU budget
AS136,Equipment_Icon3D,EQ064,深海の杖・64,2500,0.55,0.25,1024,False,"original VELSTRIA fantasy game asset, 深海の杖・64, stylized competitive MOBA, readable silhouette, PBR, game-ready topology, no copyrighted logos",silhouette / UV / normals / scale / pivot / LOD / material slots / mobile GPU budget
AS137,Equipment_Icon3D,EQ065,烈火の護符・65,2500,0.55,0.25,1024,False,"original VELSTRIA fantasy game asset, 烈火の護符・65, stylized competitive MOBA, readable silhouette, PBR, game-ready topology, no copyrighted logos",silhouette / UV / normals / scale / pivot / LOD / material slots / mobile GPU budget
AS138,Equipment_Icon3D,EQ066,静謐の鎧・66,2500,0.55,0.25,1024,False,"original VELSTRIA fantasy game asset, 静謐の鎧・66, stylized competitive MOBA, readable silhouette, PBR, game-ready topology, no copyrighted logos",silhouette / UV / normals / scale / pivot / LOD / material slots / mobile GPU budget
AS139,Equipment_Icon3D,EQ067,雷鳴の短剣・67,2500,0.55,0.25,1024,False,"original VELSTRIA fantasy game asset, 雷鳴の短剣・67, stylized competitive MOBA, readable silhouette, PBR, game-ready topology, no copyrighted logos",silhouette / UV / normals / scale / pivot / LOD / material slots / mobile GPU budget
AS140,Equipment_Icon3D,EQ068,月影の長剣・68,2500,0.55,0.25,1024,False,"original VELSTRIA fantasy game asset, 月影の長剣・68, stylized competitive MOBA, readable silhouette, PBR, game-ready topology, no copyrighted logos",silhouette / UV / normals / scale / pivot / LOD / material slots / mobile GPU budget
AS141,Equipment_Icon3D,EQ069,守護の弓・69,2500,0.55,0.25,1024,False,"original VELSTRIA fantasy game asset, 守護の弓・69, stylized competitive MOBA, readable silhouette, PBR, game-ready topology, no copyrighted logos",silhouette / UV / normals / scale / pivot / LOD / material slots / mobile GPU budget
AS142,Equipment_Icon3D,EQ070,疾風の杖・70,2500,0.55,0.25,1024,False,"original VELSTRIA fantasy game asset, 疾風の杖・70, stylized competitive MOBA, readable silhouette, PBR, game-ready topology, no copyrighted logos",silhouette / UV / normals / scale / pivot / LOD / material slots / mobile GPU budget
AS143,Equipment_Icon3D,EQ071,霊樹の護符・71,2500,0.55,0.25,1024,False,"original VELSTRIA fantasy game asset, 霊樹の護符・71, stylized competitive MOBA, readable silhouette, PBR, game-ready topology, no copyrighted logos",silhouette / UV / normals / scale / pivot / LOD / material slots / mobile GPU budget
AS144,Equipment_Icon3D,EQ072,虚空の鎧・72,2500,0.55,0.25,1024,False,"original VELSTRIA fantasy game asset, 虚空の鎧・72, stylized competitive MOBA, readable silhouette, PBR, game-ready topology, no copyrighted logos",silhouette / UV / normals / scale / pivot / LOD / material slots / mobile GPU budget
AS145,VFX_Mesh,FX_SK_001_1,城門の誓衛アルデン - 不落の誓い,2500,0.55,0.25,1024,False,"original VELSTRIA fantasy game asset, 城門の誓衛アルデン - 不落の誓い, stylized competitive MOBA, readable silhouette, PBR, game-ready topology, no copyrighted logos",silhouette / UV / normals / scale / pivot / LOD / material slots / mobile GPU budget
AS146,VFX_Mesh,FX_SK_001_2,城門の誓衛アルデン - Alden式・一閃,2500,0.55,0.25,1024,False,"original VELSTRIA fantasy game asset, 城門の誓衛アルデン - Alden式・一閃, stylized competitive MOBA, readable silhouette, PBR, game-ready topology, no copyrighted logos",silhouette / UV / normals / scale / pivot / LOD / material slots / mobile GPU budget
AS147,VFX_Mesh,FX_SK_001_3,城門の誓衛アルデン - 星環シフト1,2500,0.55,0.25,1024,False,"original VELSTRIA fantasy game asset, 城門の誓衛アルデン - 星環シフト1, stylized competitive MOBA, readable silhouette, PBR, game-ready topology, no copyrighted logos",silhouette / UV / normals / scale / pivot / LOD / material slots / mobile GPU budget
AS148,VFX_Mesh,FX_SK_001_4,城門の誓衛アルデン - 境界制圧1,2500,0.55,0.25,1024,False,"original VELSTRIA fantasy game asset, 城門の誓衛アルデン - 境界制圧1, stylized competitive MOBA, readable silhouette, PBR, game-ready topology, no copyrighted logos",silhouette / UV / normals / scale / pivot / LOD / material slots / mobile GPU budget
AS149,VFX_Mesh,FX_SK_001_5,城門の誓衛アルデン - 第七門・閉鎖令,2500,0.55,0.25,1024,False,"original VELSTRIA fantasy game asset, 城門の誓衛アルデン - 第七門・閉鎖令, stylized competitive MOBA, readable silhouette, PBR, game-ready topology, no copyrighted logos",silhouette / UV / normals / scale / pivot / LOD / material slots / mobile GPU budget
AS150,VFX_Mesh,FX_SK_002_1,星弦のリラ - 星屑の調律,2500,0.55,0.25,1024,False,"original VELSTRIA fantasy game asset, 星弦のリラ - 星屑の調律, stylized competitive MOBA, readable silhouette, PBR, game-ready topology, no copyrighted logos",silhouette / UV / normals / scale / pivot / LOD / material slots / mobile GPU budget
AS151,VFX_Mesh,FX_SK_002_2,星弦のリラ - Lyra式・一閃,2500,0.55,0.25,1024,False,"original VELSTRIA fantasy game asset, 星弦のリラ - Lyra式・一閃, stylized competitive MOBA, readable silhouette, PBR, game-ready topology, no copyrighted logos",silhouette / UV / normals / scale / pivot / LOD / material slots / mobile GPU budget
AS152,VFX_Mesh,FX_SK_002_3,星弦のリラ - 星環シフト2,2500,0.55,0.25,1024,False,"original VELSTRIA fantasy game asset, 星弦のリラ - 星環シフト2, stylized competitive MOBA, readable silhouette, PBR, game-ready topology, no copyrighted logos",silhouette / UV / normals / scale / pivot / LOD / material slots / mobile GPU budget
AS153,VFX_Mesh,FX_SK_002_4,星弦のリラ - 境界制圧2,2500,0.55,0.25,1024,False,"original VELSTRIA fantasy game asset, 星弦のリラ - 境界制圧2, stylized competitive MOBA, readable silhouette, PBR, game-ready topology, no copyrighted logos",silhouette / UV / normals / scale / pivot / LOD / material slots / mobile GPU budget
AS154,VFX_Mesh,FX_SK_002_5,星弦のリラ - 天穹星弦,2500,0.55,0.25,1024,False,"original VELSTRIA fantasy game asset, 星弦のリラ - 天穹星弦, stylized competitive MOBA, readable silhouette, PBR, game-ready topology, no copyrighted logos",silhouette / UV / normals / scale / pivot / LOD / material slots / mobile GPU budget
AS155,VFX_Mesh,FX_SK_003_1,灰刃のカエル - 残火の刻印,2500,0.55,0.25,1024,False,"original VELSTRIA fantasy game asset, 灰刃のカエル - 残火の刻印, stylized competitive MOBA, readable silhouette, PBR, game-ready topology, no copyrighted logos",silhouette / UV / normals / scale / pivot / LOD / material slots / mobile GPU budget
AS156,VFX_Mesh,FX_SK_003_2,灰刃のカエル - Kael式・一閃,2500,0.55,0.25,1024,False,"original VELSTRIA fantasy game asset, 灰刃のカエル - Kael式・一閃, stylized competitive MOBA, readable silhouette, PBR, game-ready topology, no copyrighted logos",silhouette / UV / normals / scale / pivot / LOD / material slots / mobile GPU budget
AS157,VFX_Mesh,FX_SK_003_3,灰刃のカエル - 星環シフト3,2500,0.55,0.25,1024,False,"original VELSTRIA fantasy game asset, 灰刃のカエル - 星環シフト3, stylized competitive MOBA, readable silhouette, PBR, game-ready topology, no copyrighted logos",silhouette / UV / normals / scale / pivot / LOD / material slots / mobile GPU budget
AS158,VFX_Mesh,FX_SK_003_4,灰刃のカエル - 境界制圧3,2500,0.55,0.25,1024,False,"original VELSTRIA fantasy game asset, 灰刃のカエル - 境界制圧3, stylized competitive MOBA, readable silhouette, PBR, game-ready topology, no copyrighted logos",silhouette / UV / normals / scale / pivot / LOD / material slots / mobile GPU budget
AS159,VFX_Mesh,FX_SK_003_5,灰刃のカエル - 灰燼断界,2500,0.55,0.25,1024,False,"original VELSTRIA fantasy game asset, 灰刃のカエル - 灰燼断界, stylized competitive MOBA, readable silhouette, PBR, game-ready topology, no copyrighted logos",silhouette / UV / normals / scale / pivot / LOD / material slots / mobile GPU budget
AS160,VFX_Mesh,FX_SK_004_1,潮祈のミレア - 潮騒の加護,2500,0.55,0.25,1024,False,"original VELSTRIA fantasy game asset, 潮祈のミレア - 潮騒の加護, stylized competitive MOBA, readable silhouette, PBR, game-ready topology, no copyrighted logos",silhouette / UV / normals / scale / pivot / LOD / material slots / mobile GPU budget
AS161,VFX_Mesh,FX_SK_004_2,潮祈のミレア - Mirea式・一閃,2500,0.55,0.25,1024,False,"original VELSTRIA fantasy game asset, 潮祈のミレア - Mirea式・一閃, stylized competitive MOBA, readable silhouette, PBR, game-ready topology, no copyrighted logos",silhouette / UV / normals / scale / pivot / LOD / material slots / mobile GPU budget
AS162,VFX_Mesh,FX_SK_004_3,潮祈のミレア - 星環シフト4,2500,0.55,0.25,1024,False,"original VELSTRIA fantasy game asset, 潮祈のミレア - 星環シフト4, stylized competitive MOBA, readable silhouette, PBR, game-ready topology, no copyrighted logos",silhouette / UV / normals / scale / pivot / LOD / material slots / mobile GPU budget
AS163,VFX_Mesh,FX_SK_004_4,潮祈のミレア - 境界制圧4,2500,0.55,0.25,1024,False,"original VELSTRIA fantasy game asset, 潮祈のミレア - 境界制圧4, stylized competitive MOBA, readable silhouette, PBR, game-ready topology, no copyrighted logos",silhouette / UV / normals / scale / pivot / LOD / material slots / mobile GPU budget
AS164,VFX_Mesh,FX_SK_004_5,潮祈のミレア - 大潮祈祷,2500,0.55,0.25,1024,False,"original VELSTRIA fantasy game asset, 潮祈のミレア - 大潮祈祷, stylized competitive MOBA, readable silhouette, PBR, game-ready topology, no copyrighted logos",silhouette / UV / normals / scale / pivot / LOD / material slots / mobile GPU budget
AS165,VFX_Mesh,FX_SK_005_1,黒雷のヴォス - 雷脈充填,2500,0.55,0.25,1024,False,"original VELSTRIA fantasy game asset, 黒雷のヴォス - 雷脈充填, stylized competitive MOBA, readable silhouette, PBR, game-ready topology, no copyrighted logos",silhouette / UV / normals / scale / pivot / LOD / material slots / mobile GPU budget
AS166,VFX_Mesh,FX_SK_005_2,黒雷のヴォス - Voss式・一閃,2500,0.55,0.25,1024,False,"original VELSTRIA fantasy game asset, 黒雷のヴォス - Voss式・一閃, stylized competitive MOBA, readable silhouette, PBR, game-ready topology, no copyrighted logos",silhouette / UV / normals / scale / pivot / LOD / material slots / mobile GPU budget
AS167,VFX_Mesh,FX_SK_005_3,黒雷のヴォス - 星環シフト5,2500,0.55,0.25,1024,False,"original VELSTRIA fantasy game asset, 黒雷のヴォス - 星環シフト5, stylized competitive MOBA, readable silhouette, PBR, game-ready topology, no copyrighted logos",silhouette / UV / normals / scale / pivot / LOD / material slots / mobile GPU budget
AS168,VFX_Mesh,FX_SK_005_4,黒雷のヴォス - 境界制圧5,2500,0.55,0.25,1024,False,"original VELSTRIA fantasy game asset, 黒雷のヴォス - 境界制圧5, stylized competitive MOBA, readable silhouette, PBR, game-ready topology, no copyrighted logos",silhouette / UV / normals / scale / pivot / LOD / material slots / mobile GPU budget
AS169,VFX_Mesh,FX_SK_005_5,黒雷のヴォス - 黒雷天墜,2500,0.55,0.25,1024,False,"original VELSTRIA fantasy game asset, 黒雷のヴォス - 黒雷天墜, stylized competitive MOBA, readable silhouette, PBR, game-ready topology, no copyrighted logos",silhouette / UV / normals / scale / pivot / LOD / material slots / mobile GPU budget
AS170,VFX_Mesh,FX_SK_006_1,月灯のセレン - 月影の灯,2500,0.55,0.25,1024,False,"original VELSTRIA fantasy game asset, 月灯のセレン - 月影の灯, stylized competitive MOBA, readable silhouette, PBR, game-ready topology, no copyrighted logos",silhouette / UV / normals / scale / pivot / LOD / material slots / mobile GPU budget
AS171,VFX_Mesh,FX_SK_006_2,月灯のセレン - Seren式・一閃,2500,0.55,0.25,1024,False,"original VELSTRIA fantasy game asset, 月灯のセレン - Seren式・一閃, stylized competitive MOBA, readable silhouette, PBR, game-ready topology, no copyrighted logos",silhouette / UV / normals / scale / pivot / LOD / material slots / mobile GPU budget
AS172,VFX_Mesh,FX_SK_006_3,月灯のセレン - 星環シフト6,2500,0.55,0.25,1024,False,"original VELSTRIA fantasy game asset, 月灯のセレン - 星環シフト6, stylized competitive MOBA, readable silhouette, PBR, game-ready topology, no copyrighted logos",silhouette / UV / normals / scale / pivot / LOD / material slots / mobile GPU budget
AS173,VFX_Mesh,FX_SK_006_4,月灯のセレン - 境界制圧6,2500,0.55,0.25,1024,False,"original VELSTRIA fantasy game asset, 月灯のセレン - 境界制圧6, stylized competitive MOBA, readable silhouette, PBR, game-ready topology, no copyrighted logos",silhouette / UV / normals / scale / pivot / LOD / material slots / mobile GPU budget
AS174,VFX_Mesh,FX_SK_006_5,月灯のセレン - 満月灯界,2500,0.55,0.25,1024,False,"original VELSTRIA fantasy game asset, 月灯のセレン - 満月灯界, stylized competitive MOBA, readable silhouette, PBR, game-ready topology, no copyrighted logos",silhouette / UV / normals / scale / pivot / LOD / material slots / mobile GPU budget
AS175,VFX_Mesh,FX_SK_007_1,岩脈のガルク - 岩心,2500,0.55,0.25,1024,False,"original VELSTRIA fantasy game asset, 岩脈のガルク - 岩心, stylized competitive MOBA, readable silhouette, PBR, game-ready topology, no copyrighted logos",silhouette / UV / normals / scale / pivot / LOD / material slots / mobile GPU budget
AS176,VFX_Mesh,FX_SK_007_2,岩脈のガルク - Garruk式・一閃,2500,0.55,0.25,1024,False,"original VELSTRIA fantasy game asset, 岩脈のガルク - Garruk式・一閃, stylized competitive MOBA, readable silhouette, PBR, game-ready topology, no copyrighted logos",silhouette / UV / normals / scale / pivot / LOD / material slots / mobile GPU budget
AS177,VFX_Mesh,FX_SK_007_3,岩脈のガルク - 星環シフト7,2500,0.55,0.25,1024,False,"original VELSTRIA fantasy game asset, 岩脈のガルク - 星環シフト7, stylized competitive MOBA, readable silhouette, PBR, game-ready topology, no copyrighted logos",silhouette / UV / normals / scale / pivot / LOD / material slots / mobile GPU budget
AS178,VFX_Mesh,FX_SK_007_4,岩脈のガルク - 境界制圧7,2500,0.55,0.25,1024,False,"original VELSTRIA fantasy game asset, 岩脈のガルク - 境界制圧7, stylized competitive MOBA, readable silhouette, PBR, game-ready topology, no copyrighted logos",silhouette / UV / normals / scale / pivot / LOD / material slots / mobile GPU budget
AS179,VFX_Mesh,FX_SK_007_5,岩脈のガルク - 地脈隆起,2500,0.55,0.25,1024,False,"original VELSTRIA fantasy game asset, 岩脈のガルク - 地脈隆起, stylized competitive MOBA, readable silhouette, PBR, game-ready topology, no copyrighted logos",silhouette / UV / normals / scale / pivot / LOD / material slots / mobile GPU budget
AS180,VFX_Mesh,FX_SK_008_1,風標のニア - 追い風,2500,0.55,0.25,1024,False,"original VELSTRIA fantasy game asset, 風標のニア - 追い風, stylized competitive MOBA, readable silhouette, PBR, game-ready topology, no copyrighted logos",silhouette / UV / normals / scale / pivot / LOD / material slots / mobile GPU budget
AS181,VFX_Mesh,FX_SK_008_2,風標のニア - Nia式・一閃,2500,0.55,0.25,1024,False,"original VELSTRIA fantasy game asset, 風標のニア - Nia式・一閃, stylized competitive MOBA, readable silhouette, PBR, game-ready topology, no copyrighted logos",silhouette / UV / normals / scale / pivot / LOD / material slots / mobile GPU budget
AS182,VFX_Mesh,FX_SK_008_3,風標のニア - 星環シフト8,2500,0.55,0.25,1024,False,"original VELSTRIA fantasy game asset, 風標のニア - 星環シフト8, stylized competitive MOBA, readable silhouette, PBR, game-ready topology, no copyrighted logos",silhouette / UV / normals / scale / pivot / LOD / material slots / mobile GPU budget
AS183,VFX_Mesh,FX_SK_008_4,風標のニア - 境界制圧8,2500,0.55,0.25,1024,False,"original VELSTRIA fantasy game asset, 風標のニア - 境界制圧8, stylized competitive MOBA, readable silhouette, PBR, game-ready topology, no copyrighted logos",silhouette / UV / normals / scale / pivot / LOD / material slots / mobile GPU budget
AS184,VFX_Mesh,FX_SK_008_5,風標のニア - 風界標定,2500,0.55,0.25,1024,False,"original VELSTRIA fantasy game asset, 風標のニア - 風界標定, stylized competitive MOBA, readable silhouette, PBR, game-ready topology, no copyrighted logos",silhouette / UV / normals / scale / pivot / LOD / material slots / mobile GPU budget
AS185,VFX_Mesh,FX_SK_009_1,機巧士オリン - 過給機構,2500,0.55,0.25,1024,False,"original VELSTRIA fantasy game asset, 機巧士オリン - 過給機構, stylized competitive MOBA, readable silhouette, PBR, game-ready topology, no copyrighted logos",silhouette / UV / normals / scale / pivot / LOD / material slots / mobile GPU budget
AS186,VFX_Mesh,FX_SK_009_2,機巧士オリン - Orin式・一閃,2500,0.55,0.25,1024,False,"original VELSTRIA fantasy game asset, 機巧士オリン - Orin式・一閃, stylized competitive MOBA, readable silhouette, PBR, game-ready topology, no copyrighted logos",silhouette / UV / normals / scale / pivot / LOD / material slots / mobile GPU budget
AS187,VFX_Mesh,FX_SK_009_3,機巧士オリン - 星環シフト9,2500,0.55,0.25,1024,False,"original VELSTRIA fantasy game asset, 機巧士オリン - 星環シフト9, stylized competitive MOBA, readable silhouette, PBR, game-ready topology, no copyrighted logos",silhouette / UV / normals / scale / pivot / LOD / material slots / mobile GPU budget
AS188,VFX_Mesh,FX_SK_009_4,機巧士オリン - 境界制圧9,2500,0.55,0.25,1024,False,"original VELSTRIA fantasy game asset, 機巧士オリン - 境界制圧9, stylized competitive MOBA, readable silhouette, PBR, game-ready topology, no copyrighted logos",silhouette / UV / normals / scale / pivot / LOD / material slots / mobile GPU budget
AS189,VFX_Mesh,FX_SK_009_5,機巧士オリン - 零式過給,2500,0.55,0.25,1024,False,"original VELSTRIA fantasy game asset, 機巧士オリン - 零式過給, stylized competitive MOBA, readable silhouette, PBR, game-ready topology, no copyrighted logos",silhouette / UV / normals / scale / pivot / LOD / material slots / mobile GPU budget
AS190,VFX_Mesh,FX_SK_010_1,焔冠のテッサ - 燃焼冠,2500,0.55,0.25,1024,False,"original VELSTRIA fantasy game asset, 焔冠のテッサ - 燃焼冠, stylized competitive MOBA, readable silhouette, PBR, game-ready topology, no copyrighted logos",silhouette / UV / normals / scale / pivot / LOD / material slots / mobile GPU budget
AS191,VFX_Mesh,FX_SK_010_2,焔冠のテッサ - Thessa式・一閃,2500,0.55,0.25,1024,False,"original VELSTRIA fantasy game asset, 焔冠のテッサ - Thessa式・一閃, stylized competitive MOBA, readable silhouette, PBR, game-ready topology, no copyrighted logos",silhouette / UV / normals / scale / pivot / LOD / material slots / mobile GPU budget
AS192,VFX_Mesh,FX_SK_010_3,焔冠のテッサ - 星環シフト10,2500,0.55,0.25,1024,False,"original VELSTRIA fantasy game asset, 焔冠のテッサ - 星環シフト10, stylized competitive MOBA, readable silhouette, PBR, game-ready topology, no copyrighted logos",silhouette / UV / normals / scale / pivot / LOD / material slots / mobile GPU budget
AS193,VFX_Mesh,FX_SK_010_4,焔冠のテッサ - 境界制圧10,2500,0.55,0.25,1024,False,"original VELSTRIA fantasy game asset, 焔冠のテッサ - 境界制圧10, stylized competitive MOBA, readable silhouette, PBR, game-ready topology, no copyrighted logos",silhouette / UV / normals / scale / pivot / LOD / material slots / mobile GPU budget
AS194,VFX_Mesh,FX_SK_010_5,焔冠のテッサ - 焔冠戴天,2500,0.55,0.25,1024,False,"original VELSTRIA fantasy game asset, 焔冠のテッサ - 焔冠戴天, stylized competitive MOBA, readable silhouette, PBR, game-ready topology, no copyrighted logos",silhouette / UV / normals / scale / pivot / LOD / material slots / mobile GPU budget
AS195,VFX_Mesh,FX_SK_011_1,鉄翼のルーク - 翼装展開,2500,0.55,0.25,1024,False,"original VELSTRIA fantasy game asset, 鉄翼のルーク - 翼装展開, stylized competitive MOBA, readable silhouette, PBR, game-ready topology, no copyrighted logos",silhouette / UV / normals / scale / pivot / LOD / material slots / mobile GPU budget
AS196,VFX_Mesh,FX_SK_011_2,鉄翼のルーク - Rook式・一閃,2500,0.55,0.25,1024,False,"original VELSTRIA fantasy game asset, 鉄翼のルーク - Rook式・一閃, stylized competitive MOBA, readable silhouette, PBR, game-ready topology, no copyrighted logos",silhouette / UV / normals / scale / pivot / LOD / material slots / mobile GPU budget
AS197,VFX_Mesh,FX_SK_011_3,鉄翼のルーク - 星環シフト11,2500,0.55,0.25,1024,False,"original VELSTRIA fantasy game asset, 鉄翼のルーク - 星環シフト11, stylized competitive MOBA, readable silhouette, PBR, game-ready topology, no copyrighted logos",silhouette / UV / normals / scale / pivot / LOD / material slots / mobile GPU budget
AS198,VFX_Mesh,FX_SK_011_4,鉄翼のルーク - 境界制圧11,2500,0.55,0.25,1024,False,"original VELSTRIA fantasy game asset, 鉄翼のルーク - 境界制圧11, stylized competitive MOBA, readable silhouette, PBR, game-ready topology, no copyrighted logos",silhouette / UV / normals / scale / pivot / LOD / material slots / mobile GPU budget
AS199,VFX_Mesh,FX_SK_011_5,鉄翼のルーク - 鉄翼急襲,2500,0.55,0.25,1024,False,"original VELSTRIA fantasy game asset, 鉄翼のルーク - 鉄翼急襲, stylized competitive MOBA, readable silhouette, PBR, game-ready topology, no copyrighted logos",silhouette / UV / normals / scale / pivot / LOD / material slots / mobile GPU budget
AS200,VFX_Mesh,FX_SK_012_1,玻璃歌のエリネ - 共鳴硝子,2500,0.55,0.25,1024,False,"original VELSTRIA fantasy game asset, 玻璃歌のエリネ - 共鳴硝子, stylized competitive MOBA, readable silhouette, PBR, game-ready topology, no copyrighted logos",silhouette / UV / normals / scale / pivot / LOD / material slots / mobile GPU budget
AS201,VFX_Mesh,FX_SK_012_2,玻璃歌のエリネ - Elyne式・一閃,2500,0.55,0.25,1024,False,"original VELSTRIA fantasy game asset, 玻璃歌のエリネ - Elyne式・一閃, stylized competitive MOBA, readable silhouette, PBR, game-ready topology, no copyrighted logos",silhouette / UV / normals / scale / pivot / LOD / material slots / mobile GPU budget
AS202,VFX_Mesh,FX_SK_012_3,玻璃歌のエリネ - 星環シフト12,2500,0.55,0.25,1024,False,"original VELSTRIA fantasy game asset, 玻璃歌のエリネ - 星環シフト12, stylized competitive MOBA, readable silhouette, PBR, game-ready topology, no copyrighted logos",silhouette / UV / normals / scale / pivot / LOD / material slots / mobile GPU budget
AS203,VFX_Mesh,FX_SK_012_4,玻璃歌のエリネ - 境界制圧12,2500,0.55,0.25,1024,False,"original VELSTRIA fantasy game asset, 玻璃歌のエリネ - 境界制圧12, stylized competitive MOBA, readable silhouette, PBR, game-ready topology, no copyrighted logos",silhouette / UV / normals / scale / pivot / LOD / material slots / mobile GPU budget
AS204,VFX_Mesh,FX_SK_012_5,玻璃歌のエリネ - 玻璃大合唱,2500,0.55,0.25,1024,False,"original VELSTRIA fantasy game asset, 玻璃歌のエリネ - 玻璃大合唱, stylized competitive MOBA, readable silhouette, PBR, game-ready topology, no copyrighted logos",silhouette / UV / normals / scale / pivot / LOD / material slots / mobile GPU budget
AS205,VFX_Mesh,FX_SK_013_1,獣刻のダガン - 獣性解放,2500,0.55,0.25,1024,False,"original VELSTRIA fantasy game asset, 獣刻のダガン - 獣性解放, stylized competitive MOBA, readable silhouette, PBR, game-ready topology, no copyrighted logos",silhouette / UV / normals / scale / pivot / LOD / material slots / mobile GPU budget
AS206,VFX_Mesh,FX_SK_013_2,獣刻のダガン - Dagan式・一閃,2500,0.55,0.25,1024,False,"original VELSTRIA fantasy game asset, 獣刻のダガン - Dagan式・一閃, stylized competitive MOBA, readable silhouette, PBR, game-ready topology, no copyrighted logos",silhouette / UV / normals / scale / pivot / LOD / material slots / mobile GPU budget
AS207,VFX_Mesh,FX_SK_013_3,獣刻のダガン - 星環シフト13,2500,0.55,0.25,1024,False,"original VELSTRIA fantasy game asset, 獣刻のダガン - 星環シフト13, stylized competitive MOBA, readable silhouette, PBR, game-ready topology, no copyrighted logos",silhouette / UV / normals / scale / pivot / LOD / material slots / mobile GPU budget
AS208,VFX_Mesh,FX_SK_013_4,獣刻のダガン - 境界制圧13,2500,0.55,0.25,1024,False,"original VELSTRIA fantasy game asset, 獣刻のダガン - 境界制圧13, stylized competitive MOBA, readable silhouette, PBR, game-ready topology, no copyrighted logos",silhouette / UV / normals / scale / pivot / LOD / material slots / mobile GPU budget
AS209,VFX_Mesh,FX_SK_013_5,獣刻のダガン - 獣王刻印,2500,0.55,0.25,1024,False,"original VELSTRIA fantasy game asset, 獣刻のダガン - 獣王刻印, stylized competitive MOBA, readable silhouette, PBR, game-ready topology, no copyrighted logos",silhouette / UV / normals / scale / pivot / LOD / material slots / mobile GPU budget
AS210,VFX_Mesh,FX_SK_014_1,霧歩のシオ - 薄霧,2500,0.55,0.25,1024,False,"original VELSTRIA fantasy game asset, 霧歩のシオ - 薄霧, stylized competitive MOBA, readable silhouette, PBR, game-ready topology, no copyrighted logos",silhouette / UV / normals / scale / pivot / LOD / material slots / mobile GPU budget
AS211,VFX_Mesh,FX_SK_014_2,霧歩のシオ - Sio式・一閃,2500,0.55,0.25,1024,False,"original VELSTRIA fantasy game asset, 霧歩のシオ - Sio式・一閃, stylized competitive MOBA, readable silhouette, PBR, game-ready topology, no copyrighted logos",silhouette / UV / normals / scale / pivot / LOD / material slots / mobile GPU budget
AS212,VFX_Mesh,FX_SK_014_3,霧歩のシオ - 星環シフト14,2500,0.55,0.25,1024,False,"original VELSTRIA fantasy game asset, 霧歩のシオ - 星環シフト14, stylized competitive MOBA, readable silhouette, PBR, game-ready topology, no copyrighted logos",silhouette / UV / normals / scale / pivot / LOD / material slots / mobile GPU budget
AS213,VFX_Mesh,FX_SK_014_4,霧歩のシオ - 境界制圧14,2500,0.55,0.25,1024,False,"original VELSTRIA fantasy game asset, 霧歩のシオ - 境界制圧14, stylized competitive MOBA, readable silhouette, PBR, game-ready topology, no copyrighted logos",silhouette / UV / normals / scale / pivot / LOD / material slots / mobile GPU budget
AS214,VFX_Mesh,FX_SK_014_5,霧歩のシオ - 霧界歩法,2500,0.55,0.25,1024,False,"original VELSTRIA fantasy game asset, 霧歩のシオ - 霧界歩法, stylized competitive MOBA, readable silhouette, PBR, game-ready topology, no copyrighted logos",silhouette / UV / normals / scale / pivot / LOD / material slots / mobile GPU budget
AS215,VFX_Mesh,FX_SK_015_1,戦鐘のヴァルカ - 戦意共鳴,2500,0.55,0.25,1024,False,"original VELSTRIA fantasy game asset, 戦鐘のヴァルカ - 戦意共鳴, stylized competitive MOBA, readable silhouette, PBR, game-ready topology, no copyrighted logos",silhouette / UV / normals / scale / pivot / LOD / material slots / mobile GPU budget
AS216,VFX_Mesh,FX_SK_015_2,戦鐘のヴァルカ - Valka式・一閃,2500,0.55,0.25,1024,False,"original VELSTRIA fantasy game asset, 戦鐘のヴァルカ - Valka式・一閃, stylized competitive MOBA, readable silhouette, PBR, game-ready topology, no copyrighted logos",silhouette / UV / normals / scale / pivot / LOD / material slots / mobile GPU budget
AS217,VFX_Mesh,FX_SK_015_3,戦鐘のヴァルカ - 星環シフト15,2500,0.55,0.25,1024,False,"original VELSTRIA fantasy game asset, 戦鐘のヴァルカ - 星環シフト15, stylized competitive MOBA, readable silhouette, PBR, game-ready topology, no copyrighted logos",silhouette / UV / normals / scale / pivot / LOD / material slots / mobile GPU budget
AS218,VFX_Mesh,FX_SK_015_4,戦鐘のヴァルカ - 境界制圧15,2500,0.55,0.25,1024,False,"original VELSTRIA fantasy game asset, 戦鐘のヴァルカ - 境界制圧15, stylized competitive MOBA, readable silhouette, PBR, game-ready topology, no copyrighted logos",silhouette / UV / normals / scale / pivot / LOD / material slots / mobile GPU budget
AS219,VFX_Mesh,FX_SK_015_5,戦鐘のヴァルカ - 終戦の鐘,2500,0.55,0.25,1024,False,"original VELSTRIA fantasy game asset, 戦鐘のヴァルカ - 終戦の鐘, stylized competitive MOBA, readable silhouette, PBR, game-ready topology, no copyrighted logos",silhouette / UV / normals / scale / pivot / LOD / material slots / mobile GPU budget
AS220,VFX_Mesh,FX_SK_016_1,白環のイリス - 白環結界,2500,0.55,0.25,1024,False,"original VELSTRIA fantasy game asset, 白環のイリス - 白環結界, stylized competitive MOBA, readable silhouette, PBR, game-ready topology, no copyrighted logos",silhouette / UV / normals / scale / pivot / LOD / material slots / mobile GPU budget
AS221,VFX_Mesh,FX_SK_016_2,白環のイリス - Iris式・一閃,2500,0.55,0.25,1024,False,"original VELSTRIA fantasy game asset, 白環のイリス - Iris式・一閃, stylized competitive MOBA, readable silhouette, PBR, game-ready topology, no copyrighted logos",silhouette / UV / normals / scale / pivot / LOD / material slots / mobile GPU budget
AS222,VFX_Mesh,FX_SK_016_3,白環のイリス - 星環シフト16,2500,0.55,0.25,1024,False,"original VELSTRIA fantasy game asset, 白環のイリス - 星環シフト16, stylized competitive MOBA, readable silhouette, PBR, game-ready topology, no copyrighted logos",silhouette / UV / normals / scale / pivot / LOD / material slots / mobile GPU budget
AS223,VFX_Mesh,FX_SK_016_4,白環のイリス - 境界制圧16,2500,0.55,0.25,1024,False,"original VELSTRIA fantasy game asset, 白環のイリス - 境界制圧16, stylized competitive MOBA, readable silhouette, PBR, game-ready topology, no copyrighted logos",silhouette / UV / normals / scale / pivot / LOD / material slots / mobile GPU budget
AS224,VFX_Mesh,FX_SK_016_5,白環のイリス - 白環再生,2500,0.55,0.25,1024,False,"original VELSTRIA fantasy game asset, 白環のイリス - 白環再生, stylized competitive MOBA, readable silhouette, PBR, game-ready topology, no copyrighted logos",silhouette / UV / normals / scale / pivot / LOD / material slots / mobile GPU budget
AS225,VFX_Mesh,FX_SK_017_1,深淵鎖のモルド - 深鎖,2500,0.55,0.25,1024,False,"original VELSTRIA fantasy game asset, 深淵鎖のモルド - 深鎖, stylized competitive MOBA, readable silhouette, PBR, game-ready topology, no copyrighted logos",silhouette / UV / normals / scale / pivot / LOD / material slots / mobile GPU budget
AS226,VFX_Mesh,FX_SK_017_2,深淵鎖のモルド - Mord式・一閃,2500,0.55,0.25,1024,False,"original VELSTRIA fantasy game asset, 深淵鎖のモルド - Mord式・一閃, stylized competitive MOBA, readable silhouette, PBR, game-ready topology, no copyrighted logos",silhouette / UV / normals / scale / pivot / LOD / material slots / mobile GPU budget
AS227,VFX_Mesh,FX_SK_017_3,深淵鎖のモルド - 星環シフト17,2500,0.55,0.25,1024,False,"original VELSTRIA fantasy game asset, 深淵鎖のモルド - 星環シフト17, stylized competitive MOBA, readable silhouette, PBR, game-ready topology, no copyrighted logos",silhouette / UV / normals / scale / pivot / LOD / material slots / mobile GPU budget
AS228,VFX_Mesh,FX_SK_017_4,深淵鎖のモルド - 境界制圧17,2500,0.55,0.25,1024,False,"original VELSTRIA fantasy game asset, 深淵鎖のモルド - 境界制圧17, stylized competitive MOBA, readable silhouette, PBR, game-ready topology, no copyrighted logos",silhouette / UV / normals / scale / pivot / LOD / material slots / mobile GPU budget
AS229,VFX_Mesh,FX_SK_017_5,深淵鎖のモルド - 深淵拘束,2500,0.55,0.25,1024,False,"original VELSTRIA fantasy game asset, 深淵鎖のモルド - 深淵拘束, stylized competitive MOBA, readable silhouette, PBR, game-ready topology, no copyrighted logos",silhouette / UV / normals / scale / pivot / LOD / material slots / mobile GPU budget
AS230,VFX_Mesh,FX_SK_018_1,花星のセリア - 花星循環,2500,0.55,0.25,1024,False,"original VELSTRIA fantasy game asset, 花星のセリア - 花星循環, stylized competitive MOBA, readable silhouette, PBR, game-ready topology, no copyrighted logos",silhouette / UV / normals / scale / pivot / LOD / material slots / mobile GPU budget
AS231,VFX_Mesh,FX_SK_018_2,花星のセリア - Celia式・一閃,2500,0.55,0.25,1024,False,"original VELSTRIA fantasy game asset, 花星のセリア - Celia式・一閃, stylized competitive MOBA, readable silhouette, PBR, game-ready topology, no copyrighted logos",silhouette / UV / normals / scale / pivot / LOD / material slots / mobile GPU budget
AS232,VFX_Mesh,FX_SK_018_3,花星のセリア - 星環シフト18,2500,0.55,0.25,1024,False,"original VELSTRIA fantasy game asset, 花星のセリア - 星環シフト18, stylized competitive MOBA, readable silhouette, PBR, game-ready topology, no copyrighted logos",silhouette / UV / normals / scale / pivot / LOD / material slots / mobile GPU budget
AS233,VFX_Mesh,FX_SK_018_4,花星のセリア - 境界制圧18,2500,0.55,0.25,1024,False,"original VELSTRIA fantasy game asset, 花星のセリア - 境界制圧18, stylized competitive MOBA, readable silhouette, PBR, game-ready topology, no copyrighted logos",silhouette / UV / normals / scale / pivot / LOD / material slots / mobile GPU budget
AS234,VFX_Mesh,FX_SK_018_5,花星のセリア - 花星満開,2500,0.55,0.25,1024,False,"original VELSTRIA fantasy game asset, 花星のセリア - 花星満開, stylized competitive MOBA, readable silhouette, PBR, game-ready topology, no copyrighted logos",silhouette / UV / normals / scale / pivot / LOD / material slots / mobile GPU budget
AS235,VFX_Mesh,FX_SK_019_1,砦砕のブラム - 破城衝動,2500,0.55,0.25,1024,False,"original VELSTRIA fantasy game asset, 砦砕のブラム - 破城衝動, stylized competitive MOBA, readable silhouette, PBR, game-ready topology, no copyrighted logos",silhouette / UV / normals / scale / pivot / LOD / material slots / mobile GPU budget
AS236,VFX_Mesh,FX_SK_019_2,砦砕のブラム - Bram式・一閃,2500,0.55,0.25,1024,False,"original VELSTRIA fantasy game asset, 砦砕のブラム - Bram式・一閃, stylized competitive MOBA, readable silhouette, PBR, game-ready topology, no copyrighted logos",silhouette / UV / normals / scale / pivot / LOD / material slots / mobile GPU budget
AS237,VFX_Mesh,FX_SK_019_3,砦砕のブラム - 星環シフト19,2500,0.55,0.25,1024,False,"original VELSTRIA fantasy game asset, 砦砕のブラム - 星環シフト19, stylized competitive MOBA, readable silhouette, PBR, game-ready topology, no copyrighted logos",silhouette / UV / normals / scale / pivot / LOD / material slots / mobile GPU budget
AS238,VFX_Mesh,FX_SK_019_4,砦砕のブラム - 境界制圧19,2500,0.55,0.25,1024,False,"original VELSTRIA fantasy game asset, 砦砕のブラム - 境界制圧19, stylized competitive MOBA, readable silhouette, PBR, game-ready topology, no copyrighted logos",silhouette / UV / normals / scale / pivot / LOD / material slots / mobile GPU budget
AS239,VFX_Mesh,FX_SK_019_5,砦砕のブラム - 城壁崩し,2500,0.55,0.25,1024,False,"original VELSTRIA fantasy game asset, 砦砕のブラム - 城壁崩し, stylized competitive MOBA, readable silhouette, PBR, game-ready topology, no copyrighted logos",silhouette / UV / normals / scale / pivot / LOD / material slots / mobile GPU budget
AS240,VFX_Mesh,FX_SK_020_1,光矢のユナ - 光標,2500,0.55,0.25,1024,False,"original VELSTRIA fantasy game asset, 光矢のユナ - 光標, stylized competitive MOBA, readable silhouette, PBR, game-ready topology, no copyrighted logos",silhouette / UV / normals / scale / pivot / LOD / material slots / mobile GPU budget
AS241,VFX_Mesh,FX_SK_020_2,光矢のユナ - Yuna式・一閃,2500,0.55,0.25,1024,False,"original VELSTRIA fantasy game asset, 光矢のユナ - Yuna式・一閃, stylized competitive MOBA, readable silhouette, PBR, game-ready topology, no copyrighted logos",silhouette / UV / normals / scale / pivot / LOD / material slots / mobile GPU budget
AS242,VFX_Mesh,FX_SK_020_3,光矢のユナ - 星環シフト20,2500,0.55,0.25,1024,False,"original VELSTRIA fantasy game asset, 光矢のユナ - 星環シフト20, stylized competitive MOBA, readable silhouette, PBR, game-ready topology, no copyrighted logos",silhouette / UV / normals / scale / pivot / LOD / material slots / mobile GPU budget
AS243,VFX_Mesh,FX_SK_020_4,光矢のユナ - 境界制圧20,2500,0.55,0.25,1024,False,"original VELSTRIA fantasy game asset, 光矢のユナ - 境界制圧20, stylized competitive MOBA, readable silhouette, PBR, game-ready topology, no copyrighted logos",silhouette / UV / normals / scale / pivot / LOD / material slots / mobile GPU budget
AS244,VFX_Mesh,FX_SK_020_5,光矢のユナ - 光矢流星,2500,0.55,0.25,1024,False,"original VELSTRIA fantasy game asset, 光矢のユナ - 光矢流星, stylized competitive MOBA, readable silhouette, PBR, game-ready topology, no copyrighted logos",silhouette / UV / normals / scale / pivot / LOD / material slots / mobile GPU budget
AS245,VFX_Mesh,FX_SK_021_1,時砂のキロス - 時砂残響,2500,0.55,0.25,1024,False,"original VELSTRIA fantasy game asset, 時砂のキロス - 時砂残響, stylized competitive MOBA, readable silhouette, PBR, game-ready topology, no copyrighted logos",silhouette / UV / normals / scale / pivot / LOD / material slots / mobile GPU budget
AS246,VFX_Mesh,FX_SK_021_2,時砂のキロス - Kiros式・一閃,2500,0.55,0.25,1024,False,"original VELSTRIA fantasy game asset, 時砂のキロス - Kiros式・一閃, stylized competitive MOBA, readable silhouette, PBR, game-ready topology, no copyrighted logos",silhouette / UV / normals / scale / pivot / LOD / material slots / mobile GPU budget
AS247,VFX_Mesh,FX_SK_021_3,時砂のキロス - 星環シフト21,2500,0.55,0.25,1024,False,"original VELSTRIA fantasy game asset, 時砂のキロス - 星環シフト21, stylized competitive MOBA, readable silhouette, PBR, game-ready topology, no copyrighted logos",silhouette / UV / normals / scale / pivot / LOD / material slots / mobile GPU budget
AS248,VFX_Mesh,FX_SK_021_4,時砂のキロス - 境界制圧21,2500,0.55,0.25,1024,False,"original VELSTRIA fantasy game asset, 時砂のキロス - 境界制圧21, stylized competitive MOBA, readable silhouette, PBR, game-ready topology, no copyrighted logos",silhouette / UV / normals / scale / pivot / LOD / material slots / mobile GPU budget
AS249,VFX_Mesh,FX_SK_021_5,時砂のキロス - 時砂逆転,2500,0.55,0.25,1024,False,"original VELSTRIA fantasy game asset, 時砂のキロス - 時砂逆転, stylized competitive MOBA, readable silhouette, PBR, game-ready topology, no copyrighted logos",silhouette / UV / normals / scale / pivot / LOD / material slots / mobile GPU budget
AS250,VFX_Mesh,FX_SK_022_1,蒼爪のレア - 蒼爪連舞,2500,0.55,0.25,1024,False,"original VELSTRIA fantasy game asset, 蒼爪のレア - 蒼爪連舞, stylized competitive MOBA, readable silhouette, PBR, game-ready topology, no copyrighted logos",silhouette / UV / normals / scale / pivot / LOD / material slots / mobile GPU budget
AS251,VFX_Mesh,FX_SK_022_2,蒼爪のレア - Rhea式・一閃,2500,0.55,0.25,1024,False,"original VELSTRIA fantasy game asset, 蒼爪のレア - Rhea式・一閃, stylized competitive MOBA, readable silhouette, PBR, game-ready topology, no copyrighted logos",silhouette / UV / normals / scale / pivot / LOD / material slots / mobile GPU budget
AS252,VFX_Mesh,FX_SK_022_3,蒼爪のレア - 星環シフト22,2500,0.55,0.25,1024,False,"original VELSTRIA fantasy game asset, 蒼爪のレア - 星環シフト22, stylized competitive MOBA, readable silhouette, PBR, game-ready topology, no copyrighted logos",silhouette / UV / normals / scale / pivot / LOD / material slots / mobile GPU budget
AS253,VFX_Mesh,FX_SK_022_4,蒼爪のレア - 境界制圧22,2500,0.55,0.25,1024,False,"original VELSTRIA fantasy game asset, 蒼爪のレア - 境界制圧22, stylized competitive MOBA, readable silhouette, PBR, game-ready topology, no copyrighted logos",silhouette / UV / normals / scale / pivot / LOD / material slots / mobile GPU budget
AS254,VFX_Mesh,FX_SK_022_5,蒼爪のレア - 蒼爪月輪,2500,0.55,0.25,1024,False,"original VELSTRIA fantasy game asset, 蒼爪のレア - 蒼爪月輪, stylized competitive MOBA, readable silhouette, PBR, game-ready topology, no copyrighted logos",silhouette / UV / normals / scale / pivot / LOD / material slots / mobile GPU budget
AS255,VFX_Mesh,FX_SK_023_1,雷槍のトレン - 帯電槍,2500,0.55,0.25,1024,False,"original VELSTRIA fantasy game asset, 雷槍のトレン - 帯電槍, stylized competitive MOBA, readable silhouette, PBR, game-ready topology, no copyrighted logos",silhouette / UV / normals / scale / pivot / LOD / material slots / mobile GPU budget
AS256,VFX_Mesh,FX_SK_023_2,雷槍のトレン - Toren式・一閃,2500,0.55,0.25,1024,False,"original VELSTRIA fantasy game asset, 雷槍のトレン - Toren式・一閃, stylized competitive MOBA, readable silhouette, PBR, game-ready topology, no copyrighted logos",silhouette / UV / normals / scale / pivot / LOD / material slots / mobile GPU budget
AS257,VFX_Mesh,FX_SK_023_3,雷槍のトレン - 星環シフト23,2500,0.55,0.25,1024,False,"original VELSTRIA fantasy game asset, 雷槍のトレン - 星環シフト23, stylized competitive MOBA, readable silhouette, PBR, game-ready topology, no copyrighted logos",silhouette / UV / normals / scale / pivot / LOD / material slots / mobile GPU budget
AS258,VFX_Mesh,FX_SK_023_4,雷槍のトレン - 境界制圧23,2500,0.55,0.25,1024,False,"original VELSTRIA fantasy game asset, 雷槍のトレン - 境界制圧23, stylized competitive MOBA, readable silhouette, PBR, game-ready topology, no copyrighted logos",silhouette / UV / normals / scale / pivot / LOD / material slots / mobile GPU budget
AS259,VFX_Mesh,FX_SK_023_5,雷槍のトレン - 雷槍天穿,2500,0.55,0.25,1024,False,"original VELSTRIA fantasy game asset, 雷槍のトレン - 雷槍天穿, stylized competitive MOBA, readable silhouette, PBR, game-ready topology, no copyrighted logos",silhouette / UV / normals / scale / pivot / LOD / material slots / mobile GPU budget
AS260,VFX_Mesh,FX_SK_024_1,夢織のノア - 夢糸,2500,0.55,0.25,1024,False,"original VELSTRIA fantasy game asset, 夢織のノア - 夢糸, stylized competitive MOBA, readable silhouette, PBR, game-ready topology, no copyrighted logos",silhouette / UV / normals / scale / pivot / LOD / material slots / mobile GPU budget
AS261,VFX_Mesh,FX_SK_024_2,夢織のノア - Noa式・一閃,2500,0.55,0.25,1024,False,"original VELSTRIA fantasy game asset, 夢織のノア - Noa式・一閃, stylized competitive MOBA, readable silhouette, PBR, game-ready topology, no copyrighted logos",silhouette / UV / normals / scale / pivot / LOD / material slots / mobile GPU budget
AS262,VFX_Mesh,FX_SK_024_3,夢織のノア - 星環シフト24,2500,0.55,0.25,1024,False,"original VELSTRIA fantasy game asset, 夢織のノア - 星環シフト24, stylized competitive MOBA, readable silhouette, PBR, game-ready topology, no copyrighted logos",silhouette / UV / normals / scale / pivot / LOD / material slots / mobile GPU budget
AS263,VFX_Mesh,FX_SK_024_4,夢織のノア - 境界制圧24,2500,0.55,0.25,1024,False,"original VELSTRIA fantasy game asset, 夢織のノア - 境界制圧24, stylized competitive MOBA, readable silhouette, PBR, game-ready topology, no copyrighted logos",silhouette / UV / normals / scale / pivot / LOD / material slots / mobile GPU budget
AS264,VFX_Mesh,FX_SK_024_5,夢織のノア - 夢界縫合,2500,0.55,0.25,1024,False,"original VELSTRIA fantasy game asset, 夢織のノア - 夢界縫合, stylized competitive MOBA, readable silhouette, PBR, game-ready topology, no copyrighted logos",silhouette / UV / normals / scale / pivot / LOD / material slots / mobile GPU budget
AS265,VFX_Mesh,FX_COMMON_01,共通演出1,2500,0.55,0.25,1024,False,"original VELSTRIA fantasy game asset, 共通演出1, stylized competitive MOBA, readable silhouette, PBR, game-ready topology, no copyrighted logos",silhouette / UV / normals / scale / pivot / LOD / material slots / mobile GPU budget
AS266,VFX_Mesh,FX_COMMON_02,共通演出2,2500,0.55,0.25,1024,False,"original VELSTRIA fantasy game asset, 共通演出2, stylized competitive MOBA, readable silhouette, PBR, game-ready topology, no copyrighted logos",silhouette / UV / normals / scale / pivot / LOD / material slots / mobile GPU budget
AS267,VFX_Mesh,FX_COMMON_03,共通演出3,2500,0.55,0.25,1024,False,"original VELSTRIA fantasy game asset, 共通演出3, stylized competitive MOBA, readable silhouette, PBR, game-ready topology, no copyrighted logos",silhouette / UV / normals / scale / pivot / LOD / material slots / mobile GPU budget
AS268,VFX_Mesh,FX_COMMON_04,共通演出4,2500,0.55,0.25,1024,False,"original VELSTRIA fantasy game asset, 共通演出4, stylized competitive MOBA, readable silhouette, PBR, game-ready topology, no copyrighted logos",silhouette / UV / normals / scale / pivot / LOD / material slots / mobile GPU budget
AS269,Environment,ENV001,戦場環境アセット001,4500,0.55,0.25,1024,False,"original VELSTRIA fantasy game asset, 戦場環境アセット001, stylized competitive MOBA, readable silhouette, PBR, game-ready topology, no copyrighted logos",silhouette / UV / normals / scale / pivot / LOD / material slots / mobile GPU budget
AS270,Environment,ENV002,戦場環境アセット002,4500,0.55,0.25,1024,False,"original VELSTRIA fantasy game asset, 戦場環境アセット002, stylized competitive MOBA, readable silhouette, PBR, game-ready topology, no copyrighted logos",silhouette / UV / normals / scale / pivot / LOD / material slots / mobile GPU budget
AS271,Environment,ENV003,戦場環境アセット003,4500,0.55,0.25,1024,False,"original VELSTRIA fantasy game asset, 戦場環境アセット003, stylized competitive MOBA, readable silhouette, PBR, game-ready topology, no copyrighted logos",silhouette / UV / normals / scale / pivot / LOD / material slots / mobile GPU budget
AS272,Environment,ENV004,戦場環境アセット004,4500,0.55,0.25,1024,False,"original VELSTRIA fantasy game asset, 戦場環境アセット004, stylized competitive MOBA, readable silhouette, PBR, game-ready topology, no copyrighted logos",silhouette / UV / normals / scale / pivot / LOD / material slots / mobile GPU budget
AS273,Environment,ENV005,戦場環境アセット005,4500,0.55,0.25,1024,False,"original VELSTRIA fantasy game asset, 戦場環境アセット005, stylized competitive MOBA, readable silhouette, PBR, game-ready topology, no copyrighted logos",silhouette / UV / normals / scale / pivot / LOD / material slots / mobile GPU budget
AS274,Environment,ENV006,戦場環境アセット006,4500,0.55,0.25,1024,False,"original VELSTRIA fantasy game asset, 戦場環境アセット006, stylized competitive MOBA, readable silhouette, PBR, game-ready topology, no copyrighted logos",silhouette / UV / normals / scale / pivot / LOD / material slots / mobile GPU budget
AS275,Environment,ENV007,戦場環境アセット007,4500,0.55,0.25,1024,False,"original VELSTRIA fantasy game asset, 戦場環境アセット007, stylized competitive MOBA, readable silhouette, PBR, game-ready topology, no copyrighted logos",silhouette / UV / normals / scale / pivot / LOD / material slots / mobile GPU budget
AS276,Environment,ENV008,戦場環境アセット008,4500,0.55,0.25,1024,False,"original VELSTRIA fantasy game asset, 戦場環境アセット008, stylized competitive MOBA, readable silhouette, PBR, game-ready topology, no copyrighted logos",silhouette / UV / normals / scale / pivot / LOD / material slots / mobile GPU budget
AS277,Environment,ENV009,戦場環境アセット009,4500,0.55,0.25,1024,False,"original VELSTRIA fantasy game asset, 戦場環境アセット009, stylized competitive MOBA, readable silhouette, PBR, game-ready topology, no copyrighted logos",silhouette / UV / normals / scale / pivot / LOD / material slots / mobile GPU budget
AS278,Environment,ENV010,戦場環境アセット010,4500,0.55,0.25,1024,False,"original VELSTRIA fantasy game asset, 戦場環境アセット010, stylized competitive MOBA, readable silhouette, PBR, game-ready topology, no copyrighted logos",silhouette / UV / normals / scale / pivot / LOD / material slots / mobile GPU budget
AS279,Environment,ENV011,戦場環境アセット011,4500,0.55,0.25,1024,False,"original VELSTRIA fantasy game asset, 戦場環境アセット011, stylized competitive MOBA, readable silhouette, PBR, game-ready topology, no copyrighted logos",silhouette / UV / normals / scale / pivot / LOD / material slots / mobile GPU budget
AS280,Environment,ENV012,戦場環境アセット012,4500,0.55,0.25,1024,False,"original VELSTRIA fantasy game asset, 戦場環境アセット012, stylized competitive MOBA, readable silhouette, PBR, game-ready topology, no copyrighted logos",silhouette / UV / normals / scale / pivot / LOD / material slots / mobile GPU budget
AS281,Environment,ENV013,戦場環境アセット013,4500,0.55,0.25,1024,False,"original VELSTRIA fantasy game asset, 戦場環境アセット013, stylized competitive MOBA, readable silhouette, PBR, game-ready topology, no copyrighted logos",silhouette / UV / normals / scale / pivot / LOD / material slots / mobile GPU budget
AS282,Environment,ENV014,戦場環境アセット014,4500,0.55,0.25,1024,False,"original VELSTRIA fantasy game asset, 戦場環境アセット014, stylized competitive MOBA, readable silhouette, PBR, game-ready topology, no copyrighted logos",silhouette / UV / normals / scale / pivot / LOD / material slots / mobile GPU budget
AS283,Environment,ENV015,戦場環境アセット015,4500,0.55,0.25,1024,False,"original VELSTRIA fantasy game asset, 戦場環境アセット015, stylized competitive MOBA, readable silhouette, PBR, game-ready topology, no copyrighted logos",silhouette / UV / normals / scale / pivot / LOD / material slots / mobile GPU budget
AS284,Environment,ENV016,戦場環境アセット016,4500,0.55,0.25,1024,False,"original VELSTRIA fantasy game asset, 戦場環境アセット016, stylized competitive MOBA, readable silhouette, PBR, game-ready topology, no copyrighted logos",silhouette / UV / normals / scale / pivot / LOD / material slots / mobile GPU budget
AS285,Environment,ENV017,戦場環境アセット017,4500,0.55,0.25,1024,False,"original VELSTRIA fantasy game asset, 戦場環境アセット017, stylized competitive MOBA, readable silhouette, PBR, game-ready topology, no copyrighted logos",silhouette / UV / normals / scale / pivot / LOD / material slots / mobile GPU budget
AS286,Environment,ENV018,戦場環境アセット018,4500,0.55,0.25,1024,False,"original VELSTRIA fantasy game asset, 戦場環境アセット018, stylized competitive MOBA, readable silhouette, PBR, game-ready topology, no copyrighted logos",silhouette / UV / normals / scale / pivot / LOD / material slots / mobile GPU budget
AS287,Environment,ENV019,戦場環境アセット019,4500,0.55,0.25,1024,False,"original VELSTRIA fantasy game asset, 戦場環境アセット019, stylized competitive MOBA, readable silhouette, PBR, game-ready topology, no copyrighted logos",silhouette / UV / normals / scale / pivot / LOD / material slots / mobile GPU budget
AS288,Environment,ENV020,戦場環境アセット020,4500,0.55,0.25,1024,False,"original VELSTRIA fantasy game asset, 戦場環境アセット020, stylized competitive MOBA, readable silhouette, PBR, game-ready topology, no copyrighted logos",silhouette / UV / normals / scale / pivot / LOD / material slots / mobile GPU budget
AS289,Environment,ENV021,戦場環境アセット021,4500,0.55,0.25,1024,False,"original VELSTRIA fantasy game asset, 戦場環境アセット021, stylized competitive MOBA, readable silhouette, PBR, game-ready topology, no copyrighted logos",silhouette / UV / normals / scale / pivot / LOD / material slots / mobile GPU budget
AS290,Environment,ENV022,戦場環境アセット022,4500,0.55,0.25,1024,False,"original VELSTRIA fantasy game asset, 戦場環境アセット022, stylized competitive MOBA, readable silhouette, PBR, game-ready topology, no copyrighted logos",silhouette / UV / normals / scale / pivot / LOD / material slots / mobile GPU budget
AS291,Environment,ENV023,戦場環境アセット023,4500,0.55,0.25,1024,False,"original VELSTRIA fantasy game asset, 戦場環境アセット023, stylized competitive MOBA, readable silhouette, PBR, game-ready topology, no copyrighted logos",silhouette / UV / normals / scale / pivot / LOD / material slots / mobile GPU budget
AS292,Environment,ENV024,戦場環境アセット024,4500,0.55,0.25,1024,False,"original VELSTRIA fantasy game asset, 戦場環境アセット024, stylized competitive MOBA, readable silhouette, PBR, game-ready topology, no copyrighted logos",silhouette / UV / normals / scale / pivot / LOD / material slots / mobile GPU budget
AS293,Environment,ENV025,戦場環境アセット025,4500,0.55,0.25,1024,False,"original VELSTRIA fantasy game asset, 戦場環境アセット025, stylized competitive MOBA, readable silhouette, PBR, game-ready topology, no copyrighted logos",silhouette / UV / normals / scale / pivot / LOD / material slots / mobile GPU budget
AS294,Environment,ENV026,戦場環境アセット026,4500,0.55,0.25,1024,False,"original VELSTRIA fantasy game asset, 戦場環境アセット026, stylized competitive MOBA, readable silhouette, PBR, game-ready topology, no copyrighted logos",silhouette / UV / normals / scale / pivot / LOD / material slots / mobile GPU budget
AS295,Environment,ENV027,戦場環境アセット027,4500,0.55,0.25,1024,False,"original VELSTRIA fantasy game asset, 戦場環境アセット027, stylized competitive MOBA, readable silhouette, PBR, game-ready topology, no copyrighted logos",silhouette / UV / normals / scale / pivot / LOD / material slots / mobile GPU budget
AS296,Environment,ENV028,戦場環境アセット028,4500,0.55,0.25,1024,False,"original VELSTRIA fantasy game asset, 戦場環境アセット028, stylized competitive MOBA, readable silhouette, PBR, game-ready topology, no copyrighted logos",silhouette / UV / normals / scale / pivot / LOD / material slots / mobile GPU budget
AS297,Environment,ENV029,戦場環境アセット029,4500,0.55,0.25,1024,False,"original VELSTRIA fantasy game asset, 戦場環境アセット029, stylized competitive MOBA, readable silhouette, PBR, game-ready topology, no copyrighted logos",silhouette / UV / normals / scale / pivot / LOD / material slots / mobile GPU budget
AS298,Environment,ENV030,戦場環境アセット030,4500,0.55,0.25,1024,False,"original VELSTRIA fantasy game asset, 戦場環境アセット030, stylized competitive MOBA, readable silhouette, PBR, game-ready topology, no copyrighted logos",silhouette / UV / normals / scale / pivot / LOD / material slots / mobile GPU budget
AS299,Environment,ENV031,戦場環境アセット031,4500,0.55,0.25,1024,False,"original VELSTRIA fantasy game asset, 戦場環境アセット031, stylized competitive MOBA, readable silhouette, PBR, game-ready topology, no copyrighted logos",silhouette / UV / normals / scale / pivot / LOD / material slots / mobile GPU budget
AS300,Environment,ENV032,戦場環境アセット032,4500,0.55,0.25,1024,False,"original VELSTRIA fantasy game asset, 戦場環境アセット032, stylized competitive MOBA, readable silhouette, PBR, game-ready topology, no copyrighted logos",silhouette / UV / normals / scale / pivot / LOD / material slots / mobile GPU budget
AS301,Environment,ENV033,戦場環境アセット033,4500,0.55,0.25,1024,False,"original VELSTRIA fantasy game asset, 戦場環境アセット033, stylized competitive MOBA, readable silhouette, PBR, game-ready topology, no copyrighted logos",silhouette / UV / normals / scale / pivot / LOD / material slots / mobile GPU budget
AS302,Environment,ENV034,戦場環境アセット034,4500,0.55,0.25,1024,False,"original VELSTRIA fantasy game asset, 戦場環境アセット034, stylized competitive MOBA, readable silhouette, PBR, game-ready topology, no copyrighted logos",silhouette / UV / normals / scale / pivot / LOD / material slots / mobile GPU budget
AS303,Environment,ENV035,戦場環境アセット035,4500,0.55,0.25,1024,False,"original VELSTRIA fantasy game asset, 戦場環境アセット035, stylized competitive MOBA, readable silhouette, PBR, game-ready topology, no copyrighted logos",silhouette / UV / normals / scale / pivot / LOD / material slots / mobile GPU budget
AS304,Environment,ENV036,戦場環境アセット036,4500,0.55,0.25,1024,False,"original VELSTRIA fantasy game asset, 戦場環境アセット036, stylized competitive MOBA, readable silhouette, PBR, game-ready topology, no copyrighted logos",silhouette / UV / normals / scale / pivot / LOD / material slots / mobile GPU budget
AS305,Environment,ENV037,戦場環境アセット037,4500,0.55,0.25,1024,False,"original VELSTRIA fantasy game asset, 戦場環境アセット037, stylized competitive MOBA, readable silhouette, PBR, game-ready topology, no copyrighted logos",silhouette / UV / normals / scale / pivot / LOD / material slots / mobile GPU budget
AS306,Environment,ENV038,戦場環境アセット038,4500,0.55,0.25,1024,False,"original VELSTRIA fantasy game asset, 戦場環境アセット038, stylized competitive MOBA, readable silhouette, PBR, game-ready topology, no copyrighted logos",silhouette / UV / normals / scale / pivot / LOD / material slots / mobile GPU budget
AS307,Environment,ENV039,戦場環境アセット039,4500,0.55,0.25,1024,False,"original VELSTRIA fantasy game asset, 戦場環境アセット039, stylized competitive MOBA, readable silhouette, PBR, game-ready topology, no copyrighted logos",silhouette / UV / normals / scale / pivot / LOD / material slots / mobile GPU budget
AS308,Environment,ENV040,戦場環境アセット040,4500,0.55,0.25,1024,False,"original VELSTRIA fantasy game asset, 戦場環境アセット040, stylized competitive MOBA, readable silhouette, PBR, game-ready topology, no copyrighted logos",silhouette / UV / normals / scale / pivot / LOD / material slots / mobile GPU budget
AS309,Environment,ENV041,戦場環境アセット041,4500,0.55,0.25,1024,False,"original VELSTRIA fantasy game asset, 戦場環境アセット041, stylized competitive MOBA, readable silhouette, PBR, game-ready topology, no copyrighted logos",silhouette / UV / normals / scale / pivot / LOD / material slots / mobile GPU budget
AS310,Environment,ENV042,戦場環境アセット042,4500,0.55,0.25,1024,False,"original VELSTRIA fantasy game asset, 戦場環境アセット042, stylized competitive MOBA, readable silhouette, PBR, game-ready topology, no copyrighted logos",silhouette / UV / normals / scale / pivot / LOD / material slots / mobile GPU budget
AS311,Environment,ENV043,戦場環境アセット043,4500,0.55,0.25,1024,False,"original VELSTRIA fantasy game asset, 戦場環境アセット043, stylized competitive MOBA, readable silhouette, PBR, game-ready topology, no copyrighted logos",silhouette / UV / normals / scale / pivot / LOD / material slots / mobile GPU budget
AS312,Environment,ENV044,戦場環境アセット044,4500,0.55,0.25,1024,False,"original VELSTRIA fantasy game asset, 戦場環境アセット044, stylized competitive MOBA, readable silhouette, PBR, game-ready topology, no copyrighted logos",silhouette / UV / normals / scale / pivot / LOD / material slots / mobile GPU budget
AS313,Environment,ENV045,戦場環境アセット045,4500,0.55,0.25,1024,False,"original VELSTRIA fantasy game asset, 戦場環境アセット045, stylized competitive MOBA, readable silhouette, PBR, game-ready topology, no copyrighted logos",silhouette / UV / normals / scale / pivot / LOD / material slots / mobile GPU budget
AS314,Environment,ENV046,戦場環境アセット046,4500,0.55,0.25,1024,False,"original VELSTRIA fantasy game asset, 戦場環境アセット046, stylized competitive MOBA, readable silhouette, PBR, game-ready topology, no copyrighted logos",silhouette / UV / normals / scale / pivot / LOD / material slots / mobile GPU budget
AS315,Environment,ENV047,戦場環境アセット047,4500,0.55,0.25,1024,False,"original VELSTRIA fantasy game asset, 戦場環境アセット047, stylized competitive MOBA, readable silhouette, PBR, game-ready topology, no copyrighted logos",silhouette / UV / normals / scale / pivot / LOD / material slots / mobile GPU budget
AS316,Environment,ENV048,戦場環境アセット048,4500,0.55,0.25,1024,False,"original VELSTRIA fantasy game asset, 戦場環境アセット048, stylized competitive MOBA, readable silhouette, PBR, game-ready topology, no copyrighted logos",silhouette / UV / normals / scale / pivot / LOD / material slots / mobile GPU budget
AS317,Environment,ENV049,戦場環境アセット049,4500,0.55,0.25,1024,False,"original VELSTRIA fantasy game asset, 戦場環境アセット049, stylized competitive MOBA, readable silhouette, PBR, game-ready topology, no copyrighted logos",silhouette / UV / normals / scale / pivot / LOD / material slots / mobile GPU budget
AS318,Environment,ENV050,戦場環境アセット050,4500,0.55,0.25,1024,False,"original VELSTRIA fantasy game asset, 戦場環境アセット050, stylized competitive MOBA, readable silhouette, PBR, game-ready topology, no copyrighted logos",silhouette / UV / normals / scale / pivot / LOD / material slots / mobile GPU budget
AS319,Environment,ENV051,戦場環境アセット051,4500,0.55,0.25,1024,False,"original VELSTRIA fantasy game asset, 戦場環境アセット051, stylized competitive MOBA, readable silhouette, PBR, game-ready topology, no copyrighted logos",silhouette / UV / normals / scale / pivot / LOD / material slots / mobile GPU budget
AS320,Environment,ENV052,戦場環境アセット052,4500,0.55,0.25,1024,False,"original VELSTRIA fantasy game asset, 戦場環境アセット052, stylized competitive MOBA, readable silhouette, PBR, game-ready topology, no copyrighted logos",silhouette / UV / normals / scale / pivot / LOD / material slots / mobile GPU budget
AS321,Environment,ENV053,戦場環境アセット053,4500,0.55,0.25,1024,False,"original VELSTRIA fantasy game asset, 戦場環境アセット053, stylized competitive MOBA, readable silhouette, PBR, game-ready topology, no copyrighted logos",silhouette / UV / normals / scale / pivot / LOD / material slots / mobile GPU budget
AS322,Environment,ENV054,戦場環境アセット054,4500,0.55,0.25,1024,False,"original VELSTRIA fantasy game asset, 戦場環境アセット054, stylized competitive MOBA, readable silhouette, PBR, game-ready topology, no copyrighted logos",silhouette / UV / normals / scale / pivot / LOD / material slots / mobile GPU budget
AS323,Environment,ENV055,戦場環境アセット055,4500,0.55,0.25,1024,False,"original VELSTRIA fantasy game asset, 戦場環境アセット055, stylized competitive MOBA, readable silhouette, PBR, game-ready topology, no copyrighted logos",silhouette / UV / normals / scale / pivot / LOD / material slots / mobile GPU budget
AS324,Environment,ENV056,戦場環境アセット056,4500,0.55,0.25,1024,False,"original VELSTRIA fantasy game asset, 戦場環境アセット056, stylized competitive MOBA, readable silhouette, PBR, game-ready topology, no copyrighted logos",silhouette / UV / normals / scale / pivot / LOD / material slots / mobile GPU budget
AS325,Environment,ENV057,戦場環境アセット057,4500,0.55,0.25,1024,False,"original VELSTRIA fantasy game asset, 戦場環境アセット057, stylized competitive MOBA, readable silhouette, PBR, game-ready topology, no copyrighted logos",silhouette / UV / normals / scale / pivot / LOD / material slots / mobile GPU budget
AS326,Environment,ENV058,戦場環境アセット058,4500,0.55,0.25,1024,False,"original VELSTRIA fantasy game asset, 戦場環境アセット058, stylized competitive MOBA, readable silhouette, PBR, game-ready topology, no copyrighted logos",silhouette / UV / normals / scale / pivot / LOD / material slots / mobile GPU budget
AS327,Environment,ENV059,戦場環境アセット059,4500,0.55,0.25,1024,False,"original VELSTRIA fantasy game asset, 戦場環境アセット059, stylized competitive MOBA, readable silhouette, PBR, game-ready topology, no copyrighted logos",silhouette / UV / normals / scale / pivot / LOD / material slots / mobile GPU budget
AS328,Environment,ENV060,戦場環境アセット060,4500,0.55,0.25,1024,False,"original VELSTRIA fantasy game asset, 戦場環境アセット060, stylized competitive MOBA, readable silhouette, PBR, game-ready topology, no copyrighted logos",silhouette / UV / normals / scale / pivot / LOD / material slots / mobile GPU budget
AS329,Environment,ENV061,戦場環境アセット061,4500,0.55,0.25,1024,False,"original VELSTRIA fantasy game asset, 戦場環境アセット061, stylized competitive MOBA, readable silhouette, PBR, game-ready topology, no copyrighted logos",silhouette / UV / normals / scale / pivot / LOD / material slots / mobile GPU budget
AS330,Environment,ENV062,戦場環境アセット062,4500,0.55,0.25,1024,False,"original VELSTRIA fantasy game asset, 戦場環境アセット062, stylized competitive MOBA, readable silhouette, PBR, game-ready topology, no copyrighted logos",silhouette / UV / normals / scale / pivot / LOD / material slots / mobile GPU budget
AS331,Environment,ENV063,戦場環境アセット063,4500,0.55,0.25,1024,False,"original VELSTRIA fantasy game asset, 戦場環境アセット063, stylized competitive MOBA, readable silhouette, PBR, game-ready topology, no copyrighted logos",silhouette / UV / normals / scale / pivot / LOD / material slots / mobile GPU budget
AS332,Environment,ENV064,戦場環境アセット064,4500,0.55,0.25,1024,False,"original VELSTRIA fantasy game asset, 戦場環境アセット064, stylized competitive MOBA, readable silhouette, PBR, game-ready topology, no copyrighted logos",silhouette / UV / normals / scale / pivot / LOD / material slots / mobile GPU budget
AS333,Environment,ENV065,戦場環境アセット065,4500,0.55,0.25,1024,False,"original VELSTRIA fantasy game asset, 戦場環境アセット065, stylized competitive MOBA, readable silhouette, PBR, game-ready topology, no copyrighted logos",silhouette / UV / normals / scale / pivot / LOD / material slots / mobile GPU budget
AS334,Environment,ENV066,戦場環境アセット066,4500,0.55,0.25,1024,False,"original VELSTRIA fantasy game asset, 戦場環境アセット066, stylized competitive MOBA, readable silhouette, PBR, game-ready topology, no copyrighted logos",silhouette / UV / normals / scale / pivot / LOD / material slots / mobile GPU budget
AS335,Environment,ENV067,戦場環境アセット067,4500,0.55,0.25,1024,False,"original VELSTRIA fantasy game asset, 戦場環境アセット067, stylized competitive MOBA, readable silhouette, PBR, game-ready topology, no copyrighted logos",silhouette / UV / normals / scale / pivot / LOD / material slots / mobile GPU budget
AS336,Environment,ENV068,戦場環境アセット068,4500,0.55,0.25,1024,False,"original VELSTRIA fantasy game asset, 戦場環境アセット068, stylized competitive MOBA, readable silhouette, PBR, game-ready topology, no copyrighted logos",silhouette / UV / normals / scale / pivot / LOD / material slots / mobile GPU budget
AS337,Environment,ENV069,戦場環境アセット069,4500,0.55,0.25,1024,False,"original VELSTRIA fantasy game asset, 戦場環境アセット069, stylized competitive MOBA, readable silhouette, PBR, game-ready topology, no copyrighted logos",silhouette / UV / normals / scale / pivot / LOD / material slots / mobile GPU budget
AS338,Environment,ENV070,戦場環境アセット070,4500,0.55,0.25,1024,False,"original VELSTRIA fantasy game asset, 戦場環境アセット070, stylized competitive MOBA, readable silhouette, PBR, game-ready topology, no copyrighted logos",silhouette / UV / normals / scale / pivot / LOD / material slots / mobile GPU budget
AS339,Environment,ENV071,戦場環境アセット071,4500,0.55,0.25,1024,False,"original VELSTRIA fantasy game asset, 戦場環境アセット071, stylized competitive MOBA, readable silhouette, PBR, game-ready topology, no copyrighted logos",silhouette / UV / normals / scale / pivot / LOD / material slots / mobile GPU budget
AS340,Environment,ENV072,戦場環境アセット072,4500,0.55,0.25,1024,False,"original VELSTRIA fantasy game asset, 戦場環境アセット072, stylized competitive MOBA, readable silhouette, PBR, game-ready topology, no copyrighted logos",silhouette / UV / normals / scale / pivot / LOD / material slots / mobile GPU budget
AS341,Environment,ENV073,戦場環境アセット073,4500,0.55,0.25,1024,False,"original VELSTRIA fantasy game asset, 戦場環境アセット073, stylized competitive MOBA, readable silhouette, PBR, game-ready topology, no copyrighted logos",silhouette / UV / normals / scale / pivot / LOD / material slots / mobile GPU budget
AS342,Environment,ENV074,戦場環境アセット074,4500,0.55,0.25,1024,False,"original VELSTRIA fantasy game asset, 戦場環境アセット074, stylized competitive MOBA, readable silhouette, PBR, game-ready topology, no copyrighted logos",silhouette / UV / normals / scale / pivot / LOD / material slots / mobile GPU budget
AS343,Environment,ENV075,戦場環境アセット075,4500,0.55,0.25,1024,False,"original VELSTRIA fantasy game asset, 戦場環境アセット075, stylized competitive MOBA, readable silhouette, PBR, game-ready topology, no copyrighted logos",silhouette / UV / normals / scale / pivot / LOD / material slots / mobile GPU budget
AS344,Environment,ENV076,戦場環境アセット076,4500,0.55,0.25,1024,False,"original VELSTRIA fantasy game asset, 戦場環境アセット076, stylized competitive MOBA, readable silhouette, PBR, game-ready topology, no copyrighted logos",silhouette / UV / normals / scale / pivot / LOD / material slots / mobile GPU budget
AS345,Environment,ENV077,戦場環境アセット077,4500,0.55,0.25,1024,False,"original VELSTRIA fantasy game asset, 戦場環境アセット077, stylized competitive MOBA, readable silhouette, PBR, game-ready topology, no copyrighted logos",silhouette / UV / normals / scale / pivot / LOD / material slots / mobile GPU budget
AS346,Environment,ENV078,戦場環境アセット078,4500,0.55,0.25,1024,False,"original VELSTRIA fantasy game asset, 戦場環境アセット078, stylized competitive MOBA, readable silhouette, PBR, game-ready topology, no copyrighted logos",silhouette / UV / normals / scale / pivot / LOD / material slots / mobile GPU budget
AS347,Environment,ENV079,戦場環境アセット079,4500,0.55,0.25,1024,False,"original VELSTRIA fantasy game asset, 戦場環境アセット079, stylized competitive MOBA, readable silhouette, PBR, game-ready topology, no copyrighted logos",silhouette / UV / normals / scale / pivot / LOD / material slots / mobile GPU budget
AS348,Environment,ENV080,戦場環境アセット080,4500,0.55,0.25,1024,False,"original VELSTRIA fantasy game asset, 戦場環境アセット080, stylized competitive MOBA, readable silhouette, PBR, game-ready topology, no copyrighted logos",silhouette / UV / normals / scale / pivot / LOD / material slots / mobile GPU budget
AS349,Environment,ENV081,戦場環境アセット081,4500,0.55,0.25,1024,False,"original VELSTRIA fantasy game asset, 戦場環境アセット081, stylized competitive MOBA, readable silhouette, PBR, game-ready topology, no copyrighted logos",silhouette / UV / normals / scale / pivot / LOD / material slots / mobile GPU budget
AS350,Environment,ENV082,戦場環境アセット082,4500,0.55,0.25,1024,False,"original VELSTRIA fantasy game asset, 戦場環境アセット082, stylized competitive MOBA, readable silhouette, PBR, game-ready topology, no copyrighted logos",silhouette / UV / normals / scale / pivot / LOD / material slots / mobile GPU budget
AS351,Environment,ENV083,戦場環境アセット083,4500,0.55,0.25,1024,False,"original VELSTRIA fantasy game asset, 戦場環境アセット083, stylized competitive MOBA, readable silhouette, PBR, game-ready topology, no copyrighted logos",silhouette / UV / normals / scale / pivot / LOD / material slots / mobile GPU budget
AS352,Environment,ENV084,戦場環境アセット084,4500,0.55,0.25,1024,False,"original VELSTRIA fantasy game asset, 戦場環境アセット084, stylized competitive MOBA, readable silhouette, PBR, game-ready topology, no copyrighted logos",silhouette / UV / normals / scale / pivot / LOD / material slots / mobile GPU budget
AS353,Environment,ENV085,戦場環境アセット085,4500,0.55,0.25,1024,False,"original VELSTRIA fantasy game asset, 戦場環境アセット085, stylized competitive MOBA, readable silhouette, PBR, game-ready topology, no copyrighted logos",silhouette / UV / normals / scale / pivot / LOD / material slots / mobile GPU budget
AS354,Environment,ENV086,戦場環境アセット086,4500,0.55,0.25,1024,False,"original VELSTRIA fantasy game asset, 戦場環境アセット086, stylized competitive MOBA, readable silhouette, PBR, game-ready topology, no copyrighted logos",silhouette / UV / normals / scale / pivot / LOD / material slots / mobile GPU budget
AS355,Environment,ENV087,戦場環境アセット087,4500,0.55,0.25,1024,False,"original VELSTRIA fantasy game asset, 戦場環境アセット087, stylized competitive MOBA, readable silhouette, PBR, game-ready topology, no copyrighted logos",silhouette / UV / normals / scale / pivot / LOD / material slots / mobile GPU budget
AS356,Environment,ENV088,戦場環境アセット088,4500,0.55,0.25,1024,False,"original VELSTRIA fantasy game asset, 戦場環境アセット088, stylized competitive MOBA, readable silhouette, PBR, game-ready topology, no copyrighted logos",silhouette / UV / normals / scale / pivot / LOD / material slots / mobile GPU budget
AS357,Environment,ENV089,戦場環境アセット089,4500,0.55,0.25,1024,False,"original VELSTRIA fantasy game asset, 戦場環境アセット089, stylized competitive MOBA, readable silhouette, PBR, game-ready topology, no copyrighted logos",silhouette / UV / normals / scale / pivot / LOD / material slots / mobile GPU budget
AS358,Environment,ENV090,戦場環境アセット090,4500,0.55,0.25,1024,False,"original VELSTRIA fantasy game asset, 戦場環境アセット090, stylized competitive MOBA, readable silhouette, PBR, game-ready topology, no copyrighted logos",silhouette / UV / normals / scale / pivot / LOD / material slots / mobile GPU budget
AS359,Environment,ENV091,戦場環境アセット091,4500,0.55,0.25,1024,False,"original VELSTRIA fantasy game asset, 戦場環境アセット091, stylized competitive MOBA, readable silhouette, PBR, game-ready topology, no copyrighted logos",silhouette / UV / normals / scale / pivot / LOD / material slots / mobile GPU budget
AS360,Environment,ENV092,戦場環境アセット092,4500,0.55,0.25,1024,False,"original VELSTRIA fantasy game asset, 戦場環境アセット092, stylized competitive MOBA, readable silhouette, PBR, game-ready topology, no copyrighted logos",silhouette / UV / normals / scale / pivot / LOD / material slots / mobile GPU budget
AS361,Environment,ENV093,戦場環境アセット093,4500,0.55,0.25,1024,False,"original VELSTRIA fantasy game asset, 戦場環境アセット093, stylized competitive MOBA, readable silhouette, PBR, game-ready topology, no copyrighted logos",silhouette / UV / normals / scale / pivot / LOD / material slots / mobile GPU budget
AS362,Environment,ENV094,戦場環境アセット094,4500,0.55,0.25,1024,False,"original VELSTRIA fantasy game asset, 戦場環境アセット094, stylized competitive MOBA, readable silhouette, PBR, game-ready topology, no copyrighted logos",silhouette / UV / normals / scale / pivot / LOD / material slots / mobile GPU budget
AS363,Environment,ENV095,戦場環境アセット095,4500,0.55,0.25,1024,False,"original VELSTRIA fantasy game asset, 戦場環境アセット095, stylized competitive MOBA, readable silhouette, PBR, game-ready topology, no copyrighted logos",silhouette / UV / normals / scale / pivot / LOD / material slots / mobile GPU budget
AS364,Environment,ENV096,戦場環境アセット096,4500,0.55,0.25,1024,False,"original VELSTRIA fantasy game asset, 戦場環境アセット096, stylized competitive MOBA, readable silhouette, PBR, game-ready topology, no copyrighted logos",silhouette / UV / normals / scale / pivot / LOD / material slots / mobile GPU budget
AS365,Environment,ENV097,戦場環境アセット097,4500,0.55,0.25,1024,False,"original VELSTRIA fantasy game asset, 戦場環境アセット097, stylized competitive MOBA, readable silhouette, PBR, game-ready topology, no copyrighted logos",silhouette / UV / normals / scale / pivot / LOD / material slots / mobile GPU budget
AS366,Environment,ENV098,戦場環境アセット098,4500,0.55,0.25,1024,False,"original VELSTRIA fantasy game asset, 戦場環境アセット098, stylized competitive MOBA, readable silhouette, PBR, game-ready topology, no copyrighted logos",silhouette / UV / normals / scale / pivot / LOD / material slots / mobile GPU budget
AS367,Environment,ENV099,戦場環境アセット099,4500,0.55,0.25,1024,False,"original VELSTRIA fantasy game asset, 戦場環境アセット099, stylized competitive MOBA, readable silhouette, PBR, game-ready topology, no copyrighted logos",silhouette / UV / normals / scale / pivot / LOD / material slots / mobile GPU budget
AS368,Environment,ENV100,戦場環境アセット100,4500,0.55,0.25,1024,False,"original VELSTRIA fantasy game asset, 戦場環境アセット100, stylized competitive MOBA, readable silhouette, PBR, game-ready topology, no copyrighted logos",silhouette / UV / normals / scale / pivot / LOD / material slots / mobile GPU budget
AS369,Environment,ENV101,戦場環境アセット101,4500,0.55,0.25,1024,False,"original VELSTRIA fantasy game asset, 戦場環境アセット101, stylized competitive MOBA, readable silhouette, PBR, game-ready topology, no copyrighted logos",silhouette / UV / normals / scale / pivot / LOD / material slots / mobile GPU budget
AS370,Environment,ENV102,戦場環境アセット102,4500,0.55,0.25,1024,False,"original VELSTRIA fantasy game asset, 戦場環境アセット102, stylized competitive MOBA, readable silhouette, PBR, game-ready topology, no copyrighted logos",silhouette / UV / normals / scale / pivot / LOD / material slots / mobile GPU budget
AS371,Environment,ENV103,戦場環境アセット103,4500,0.55,0.25,1024,False,"original VELSTRIA fantasy game asset, 戦場環境アセット103, stylized competitive MOBA, readable silhouette, PBR, game-ready topology, no copyrighted logos",silhouette / UV / normals / scale / pivot / LOD / material slots / mobile GPU budget
AS372,Environment,ENV104,戦場環境アセット104,4500,0.55,0.25,1024,False,"original VELSTRIA fantasy game asset, 戦場環境アセット104, stylized competitive MOBA, readable silhouette, PBR, game-ready topology, no copyrighted logos",silhouette / UV / normals / scale / pivot / LOD / material slots / mobile GPU budget
AS373,Environment,ENV105,戦場環境アセット105,4500,0.55,0.25,1024,False,"original VELSTRIA fantasy game asset, 戦場環境アセット105, stylized competitive MOBA, readable silhouette, PBR, game-ready topology, no copyrighted logos",silhouette / UV / normals / scale / pivot / LOD / material slots / mobile GPU budget
AS374,Environment,ENV106,戦場環境アセット106,4500,0.55,0.25,1024,False,"original VELSTRIA fantasy game asset, 戦場環境アセット106, stylized competitive MOBA, readable silhouette, PBR, game-ready topology, no copyrighted logos",silhouette / UV / normals / scale / pivot / LOD / material slots / mobile GPU budget
AS375,Environment,ENV107,戦場環境アセット107,4500,0.55,0.25,1024,False,"original VELSTRIA fantasy game asset, 戦場環境アセット107, stylized competitive MOBA, readable silhouette, PBR, game-ready topology, no copyrighted logos",silhouette / UV / normals / scale / pivot / LOD / material slots / mobile GPU budget
AS376,Environment,ENV108,戦場環境アセット108,4500,0.55,0.25,1024,False,"original VELSTRIA fantasy game asset, 戦場環境アセット108, stylized competitive MOBA, readable silhouette, PBR, game-ready topology, no copyrighted logos",silhouette / UV / normals / scale / pivot / LOD / material slots / mobile GPU budget
AS377,Environment,ENV109,戦場環境アセット109,4500,0.55,0.25,1024,False,"original VELSTRIA fantasy game asset, 戦場環境アセット109, stylized competitive MOBA, readable silhouette, PBR, game-ready topology, no copyrighted logos",silhouette / UV / normals / scale / pivot / LOD / material slots / mobile GPU budget
AS378,Environment,ENV110,戦場環境アセット110,4500,0.55,0.25,1024,False,"original VELSTRIA fantasy game asset, 戦場環境アセット110, stylized competitive MOBA, readable silhouette, PBR, game-ready topology, no copyrighted logos",silhouette / UV / normals / scale / pivot / LOD / material slots / mobile GPU budget
AS379,Environment,ENV111,戦場環境アセット111,4500,0.55,0.25,1024,False,"original VELSTRIA fantasy game asset, 戦場環境アセット111, stylized competitive MOBA, readable silhouette, PBR, game-ready topology, no copyrighted logos",silhouette / UV / normals / scale / pivot / LOD / material slots / mobile GPU budget
AS380,Environment,ENV112,戦場環境アセット112,4500,0.55,0.25,1024,False,"original VELSTRIA fantasy game asset, 戦場環境アセット112, stylized competitive MOBA, readable silhouette, PBR, game-ready topology, no copyrighted logos",silhouette / UV / normals / scale / pivot / LOD / material slots / mobile GPU budget
AS381,Environment,ENV113,戦場環境アセット113,4500,0.55,0.25,1024,False,"original VELSTRIA fantasy game asset, 戦場環境アセット113, stylized competitive MOBA, readable silhouette, PBR, game-ready topology, no copyrighted logos",silhouette / UV / normals / scale / pivot / LOD / material slots / mobile GPU budget
AS382,Environment,ENV114,戦場環境アセット114,4500,0.55,0.25,1024,False,"original VELSTRIA fantasy game asset, 戦場環境アセット114, stylized competitive MOBA, readable silhouette, PBR, game-ready topology, no copyrighted logos",silhouette / UV / normals / scale / pivot / LOD / material slots / mobile GPU budget
AS383,Environment,ENV115,戦場環境アセット115,4500,0.55,0.25,1024,False,"original VELSTRIA fantasy game asset, 戦場環境アセット115, stylized competitive MOBA, readable silhouette, PBR, game-ready topology, no copyrighted logos",silhouette / UV / normals / scale / pivot / LOD / material slots / mobile GPU budget
AS384,Environment,ENV116,戦場環境アセット116,4500,0.55,0.25,1024,False,"original VELSTRIA fantasy game asset, 戦場環境アセット116, stylized competitive MOBA, readable silhouette, PBR, game-ready topology, no copyrighted logos",silhouette / UV / normals / scale / pivot / LOD / material slots / mobile GPU budget
AS385,Environment,ENV117,戦場環境アセット117,4500,0.55,0.25,1024,False,"original VELSTRIA fantasy game asset, 戦場環境アセット117, stylized competitive MOBA, readable silhouette, PBR, game-ready topology, no copyrighted logos",silhouette / UV / normals / scale / pivot / LOD / material slots / mobile GPU budget
AS386,Environment,ENV118,戦場環境アセット118,4500,0.55,0.25,1024,False,"original VELSTRIA fantasy game asset, 戦場環境アセット118, stylized competitive MOBA, readable silhouette, PBR, game-ready topology, no copyrighted logos",silhouette / UV / normals / scale / pivot / LOD / material slots / mobile GPU budget
AS387,Environment,ENV119,戦場環境アセット119,4500,0.55,0.25,1024,False,"original VELSTRIA fantasy game asset, 戦場環境アセット119, stylized competitive MOBA, readable silhouette, PBR, game-ready topology, no copyrighted logos",silhouette / UV / normals / scale / pivot / LOD / material slots / mobile GPU budget
AS388,Environment,ENV120,戦場環境アセット120,4500,0.55,0.25,1024,False,"original VELSTRIA fantasy game asset, 戦場環境アセット120, stylized competitive MOBA, readable silhouette, PBR, game-ready topology, no copyrighted logos",silhouette / UV / normals / scale / pivot / LOD / material slots / mobile GPU budget
AS389,Environment,ENV121,戦場環境アセット121,4500,0.55,0.25,1024,False,"original VELSTRIA fantasy game asset, 戦場環境アセット121, stylized competitive MOBA, readable silhouette, PBR, game-ready topology, no copyrighted logos",silhouette / UV / normals / scale / pivot / LOD / material slots / mobile GPU budget
AS390,Environment,ENV122,戦場環境アセット122,4500,0.55,0.25,1024,False,"original VELSTRIA fantasy game asset, 戦場環境アセット122, stylized competitive MOBA, readable silhouette, PBR, game-ready topology, no copyrighted logos",silhouette / UV / normals / scale / pivot / LOD / material slots / mobile GPU budget
AS391,Environment,ENV123,戦場環境アセット123,4500,0.55,0.25,1024,False,"original VELSTRIA fantasy game asset, 戦場環境アセット123, stylized competitive MOBA, readable silhouette, PBR, game-ready topology, no copyrighted logos",silhouette / UV / normals / scale / pivot / LOD / material slots / mobile GPU budget
